,pl,be,uk,ru,bg,sl,cs
0,Indie,Індыя,Індія,Индия,Индия,Indija,Indie
1,Hiszpania,Іспанія,Іспанія,Испания,Испания,Španija,Španělsko
2,Włochy,Італія,Італія,Италия,Италия,Italija,Itálie
3,Nur-Sułtan,Акмала,Нур-Султан,Нур-Султан,Нур Султан,Nursultan,Nur-Sultan
4,Aleksandria,Аляксандрыя,Александрія,Александрия,Александрия,Aleksandrija,Alexandrie
5,Ararat,Арарат,Арарат,Арарат,Арарат,Ararat,Ararat
6,Argentyna,Аргенціна,Аргентина,Аргентина,Аржентина,Argentina,Argentina
7,Afganistan,Афганістан,Афганістан,Афганистан,Афганистан,Afganistan,Afghánistán
8,Australia,Аўстралія,Австралія,Австралия,Австралия,Avstralija,Austrálie
9,Austria,Аўстрыя,Австрія,Австрия,Австрия,Avstrija,Rakousko
10,Boliwia,Балівія,Болівія,Боливия,Боливия,Bolivija,Bolívie
11,Mumbaj,Бамбей,Мумбаї,Мумбаи,Мумбай,Mumbaj,Bombaj
12,Język białoruski,Беларуская мова,Білоруська мова,Белорусский язык,Беларуски език,Beloruščina,Běloruština
13,Belgia,Бельгія,Бельгія,Бельгия,Белгия,Belgija,Belgie
14,Brazylia,Бразілія,Бразилія,Бразилия,Бразилия,Brazilija,Brazílie
15,Brześć,Брэст,Берестя,Брест,Брест,"Brest, Belorusija",Brest
16,Vanuatu,Вануату,Вануату,Вануату,Вануату,Vanuatu,Vanuatu
17,Wielka Brytania,Велікабрытанія,Велика Британія,Великобритания,Обединено кралство Великобритания и Северна Ирландия,Združeno kraljestvo Velike Britanije in Severne Irske,Spojené království
18,Wenezuela,Венесуэла,Венесуела,Венесуэла,Венецуела,Venezuela,Venezuela
20,Wilno,Вільня,Вільнюс,Вильнюс,Вилнюс,Vilna,Vilnius
21,Witebsk,Віцебск,Вітебськ,Витебск,Витебск,Vitebsk,Vitebsk
22,Ghana,Гана,Гана,Гана,Гана,Gana,Ghana
23,Niemcy,Германія,Німеччина,Германия,Германия,Nemčija,Německo
24,Homel,Гомель,Гомель,Гомель,Гомел,Gomel,Homel
25,Grecja,Грэцыя,Греція,Греция,Гърция,Grčija,Řecko
26,Dania,Данія,Данія,Дания,Дания,Danska,Dánsko
27,Dniepr,Дняпро,Дніпро,Днепр,Днепър,Dneper,Dněpr
28,Dunaj,Дунай,Дунай,Дунай,Дунав,Donava,Dunaj
29,Stany Zjednoczone,Злучаныя Штаты Амерыкі,Сполучені Штати Америки,Соединённые Штаты Америки,Съединени американски щати,Združene države Amerike,Spojené státy americké
30,Korea Północna,КНДР,Північна Корея,Корейская Народно-Демократическая Республика,Северна Корея,Severna Koreja,Severní Korea
31,Kolumbia,Калумбія,Колумбія,Колумбия,Колумбия,Kolumbija,Kolumbie
32,Kanada,Канада,Канада,Канада,Канада,Kanada,Kanada
33,Wybrzeże Kości Słoniowej,Кот-д’Івуар,Кот-д'Івуар,Кот-д’Ивуар,Кот д'Ивоар,Slonokoščena obala,Pobřeží slonoviny
34,Kijów,Кіеў,Київ,Киев,Киев,Kijev,Kyjev
35,La Paz,Ла-Пас,Ла-Пас,Ла-Пас,Ла Пас,La Paz,La Paz
36,Luksemburg,Люксембург,Люксембург,Люксембург,Люксембург,Luksemburg,Lucembursko
37,Lucerna,Люцэрн,Люцерн,Люцерн,Люцерн,Luzern,Lucern
38,Litwa,Літва,Литва,Литва,Литва,Litva,Litva
39,Mohylew,Магілёў,Могильов,Могилёв,Могильов,Mogilev,Mogilev
40,Monako,Манака,Монако,Монако,Монако,Monako,Monako
41,Mińsk,Мінск,Мінськ,Минск,Минск,Minsk,Minsk
42,Nowa Zelandia,Новая Зеландыя,Нова Зеландія,Новая Зеландия,Нова Зеландия,Nova Zelandija,Nový Zéland
43,Holandia,Нідэрланды,Нідерланди,Нидерланды,Нидерландия,Nizozemska,Nizozemsko
44,Pakistan,Пакістан,Пакистан,Пакистан,Пакистан,Pakistan,Pákistán
45,Południowa Afryka,Паўднёва-Афрыканская Рэспубліка,Південно-Африканська Республіка,Южно-Африканская Республика,Република Южна Африка,Republika Južna Afrika,Jihoafrická republika
47,Peru,Перу,Перу,Перу,Перу,Peru,Peru
48,Polska,Польшча,Польща,Польша,Полша,Poljska,Polsko
49,Punta Arenas,Пунта-Арэнас,Пунта-Аренас,Пунта-Аренас,Пунта Аренас,Punta Arenas,Punta Arenas
50,Rosja,Расія,Росія,Россия,Русия,Rusija,Rusko
51,Rwanda,Руанда,Руанда,Руанда,Руанда,Ruanda,Rwanda
52,Rumunia,Румынія,Румунія,Румыния,Румъния,Romunija,Rumunsko
53,Białoruś,Рэспубліка Беларусь,Білорусь,Белоруссия,Беларус,Belorusija,Bělorusko
54,Arabia Saudyjska,Саудаўская Аравія,Саудівська Аравія,Саудовская Аравия,Саудитска Арабия,Saudova Arabija,Saúdská Arábie
55,Sucre,Сукрэ,Сукре,Сукре,Сукре,Sucre,Sucre
56,Singapur,Сінгапур,Сінгапур,Сингапур,Сингапур,Singapur,Singapur
57,Turcja,Турцыя,Туреччина,Турция,Турция,Turčija,Turecko
58,Francja,Францыя,Франція,Франция,Франция,Francija,Francie
59,Filipiny,Філіпіны,Філіппіни,Филиппины,Филипини,Filipini,Filipíny
60,Chile,Чылі,Чилі,Чили,Чили,Čile,Chile
61,Czechy,Чэхія,Чехія,Чехия,Чехия,Češka,Česko
63,Szwajcaria,Швейцарыя,Швейцарія,Швейцария,Швейцария,Švica,Švýcarsko
64,Szwecja,Швецыя,Швеція,Швеция,Швеция,Švedska,Švédsko
65,Etiopia,Эфіопія,Ефіопія,Эфиопия,Етиопия,Etiopija,Etiopie
66,Islamabad,Ісламабад,Ісламабад,Исламабад,Исламабад,Islamabad,Islámábád
67,Abu Zabi,Абу-Дабі,Абу-Дабі,Абу-Даби,Абу Даби,Abu Dabi,Abú Zabí
68,Abudża,Абуджа,Абуджа,Абуджа,Абуджа,Abuja,Abuja
69,Abidżan,Абіджан,Абіджан,Абиджан,Абиджан,Abidžan,Abidžan
70,Avarua,Аваруа,Аваруа,Аваруа,Аваруа,Avarua,Avarua
71,Aden,Адэн,Аден,Аден,Аден,"Aden, Jemen",Aden
72,Acapulco,Акапулька,Акапулько,Акапулько,Акапулко,Acapulco,Acapulco
74,Akra,Акра,Аккра,Аккра,Акра,Akra,Akkra
75,Algier,Алжыр,Алжир,Алжир,Алжир,Alžir,Alžír
76,Alofi,Алофі,Алофі,Алофи,Алофи,Alofi,Alofi
78,Amman,Аман,Амман,Амман,Аман,Aman,Ammán
79,Amsterdam,Амстэрдам,Амстердам,Амстердам,Амстердам,Amsterdam,Amsterdam
80,Ankara,Анкара,Анкара,Анкара,Анкара,Ankara,Ankara
81,Antananarywa,Антананарыву,Антананаріву,Антананариву,Антананариву,Antananarivo,Antananarivo
82,Antwerpia,Антверпен,Антверпен,Антверпен,Антверпен,Antwerpen,Antverpy
83,Apia,Апія,Апіа,Апиа,Апия,Apia,Apia
84,Asmara,Асмара,Асмера,Асмэра,Асмара,Asmara,Asmara
86,Asunción,Асунсьён,Асунсьйон,Асунсьон,Асунсион,Asunción,Asunción
87,Ateny,Афіны,Афіни,Афины,Атина,Atene,Athény
88,Aszchabad,Ашгабат,Ашгабат,Ашхабад,Ашхабад,Ašhabad,Ašchabad
89,Ajaccio,Аяча,Аяччо,Аяччо,Аячо,Ajaccio,Ajaccio
90,Bogota,Багата,Богота,Богота,Богота,Bogota,Bogotá
91,Bagdad,Багдад,Багдад,Багдад,Багдад,Bagdad,Bagdád
92,Baku,Баку,Баку,Баку,Баку,Baku,Baku
93,Bamako,Бамако,Бамако,Бамако,Бамако,Bamako,Bamako
95,Bangkok,Бангкок,Бангкок,Бангкок,Банкок,Bangkok,Bangkok
96,Bangi,Бангі,Бангі,Банги,Банги,Bangui,Bangui
97,Bandar Seri Begawan,Бандар-Серы-Бегаван,Бандар-Сері-Бегаван,Бандар-Сери-Бегаван,Бандар Сери Бегаван,Bandar Seri Begawan,Bandar Seri Begawan
98,Bandżul,Банжул,Банжул,Банжул,Банджул,Banjul,Banjul
99,Barranquilla,Баранкілья,Барранкілья,Барранкилья,Баранкиля,Barranquilla,Barranquilla
100,Bordeaux,Бардо,Бордо,Бордо,Бордо,Bordeaux,Bordeaux
101,Barcelona,Барселона,Барселона,Барселона,Барселона,Barcelona,Barcelona
102,Basseterre,Бастэр,Бастер,Бастер,Бастер,Basseterre,Basseterre
103,Bejrut,Бейрут,Бейрут,Бейрут,Бейрут,Bejrut,Bejrút
104,Belgrad,Бялград,Белград,Белград,Белград,Beograd,Bělehrad
105,Belfast,Белфаст,Белфаст,Белфаст,Белфаст,Belfast,Belfast
106,Belmopan,Бельмапан,Бельмопан,Бельмопан,Белмопан,Belmopan,Belmopan
107,Berlin,Берлін,Берлін,Берлин,Берлин,Berlin,Berlín
108,Berno,Берн,Берн,Берн,Берн,Bern,Bern
109,Brazzaville,Бразавіль,Браззавіль,Браззавиль,Бразавил,Brazzaville,Brazzaville
110,Brasília,Бразілія,Бразиліа,Бразилиа,Бразилия,Brasilia,Brasília
111,Bratysława,Браціслава,Братислава,Братислава,Братислава,Bratislava,Bratislava
112,Bruksela,Брусель,Брюссель,Брюссель,Брюксел,Bruselj,Brusel
113,Bridgetown,Брыджтаўн,Бриджтаун,Бриджтаун,Бриджтаун,Bridgetown,Bridgetown
114,Brisbane,Брысбен,Брисбен,Брисбен,Бризбън,Brisbane,Brisbane
115,Budapeszt,Будапешт,Будапешт,Будапешт,Будапеща,Budimpešta,Budapešť
116,Bużumbura,Бужумбура,Бужумбура,Бужумбура,Бужумбура,Bujumbura,Bujumbura
117,Bukareszt,Бухарэст,Бухарест,Бухарест,Букурещ,Bukarešta,Bukurešť
118,Buenos Aires,Буэнас-Айрэс,Буенос-Айрес,Буэнос-Айрес,Буенос Айрес,Buenos Aires,Buenos Aires
119,Bhopal,Бхапал,Бхопал,Бхопал,Бопал,Bhopāl,Bhópál
120,Bilbao,Більбаа,Більбао,Бильбао,Билбао,Bilbao,Bilbao
121,Bissau,Бісау,Бісау,Бисау,Бисау,Bissau,Bissau
122,Biszkek,Бішкек,Бішкек,Бишкек,Бишкек,Biškek,Biškek
123,Wientian,В’енцьян,В'єнтьян,Вьентьян,Виентян,Vientiane,Vientiane
124,Vaduz,Вадуц,Вадуц,Вадуц,Вадуц,Vaduz,Vaduz
125,Valletta,Валета,Валлетта,Валлетта,Валета,Valletta,Valletta
126,Vancouver,Ванкувер,Ванкувер,Ванкувер,Ванкувър,Vancouver,Vancouver
127,Warszawa,Варшава,Варшава,Варшава,Варшава,Varšava,Varšava
128,Watykan,Ватыкан,Ватикан,Ватикан,Ватикан,Vatikan,Vatikán
129,Waszyngton,Вашынгтон,Вашингтон,Вашингтон,Вашингтон,"Washington, D.C.","Washington, D.C."
130,Wellington,Уэлінгтан,Веллінгтон,Веллингтон,Уелингтън,Wellington,Wellington
131,Wiedeń,Вена,Відень,Вена,Виена,Dunaj,Vídeň
132,Victoria,Вікторыя,Вікторія,Виктория,Виктория,"Viktorija, Sejšeli",Victoria
134,Windhuk,Віндхук,Віндгук,Виндхук,Виндхук,Windhoek,Windhoek
135,Gaborone,Габаронэ,Габороне,Габороне,Габороне,Gaborone,Gaborone
136,Hawana,Гавана,Гавана,Гавана,Хавана,Havana,Havana
137,Halifax,Галіфакс,Галіфакс,Галифакс,Халифакс,"Halifax, Nova Škotska",Halifax
138,Hamburg,Гамбург,Гамбург,Гамбург,Хамбург,Hamburg,Hamburk
139,Guadalajara,Гвадалахара,Гвадалахара,Гвадалахара,Гуадалахара,Guadalajara,Guadalajara
140,Gwatemala,Гватэмала,Гватемала,Гватемала,Гватемала,Gvatemala,Ciudad de Guatemala
141,Gdańsk,Гданьск,Гданськ,Гданьск,Гданск,Gdansk,Gdaňsk
142,Genua,Генуя,Генуя,Генуя,Генуа,Genova,Janov
143,Göteborg,Гётэбарг,Гетеборг,Гётеборг,Гьотеборг,Göteborg,Göteborg
144,Dhaka,Дака,Дакка,Дакка,Дака,Daka,Dháka
145,Dakar,Дакар,Дакар,Дакар,Дакар,Dakar,Dakar
147,Dar es Salaam,Дар-эс-Салам,Дар-ес-Салам,Дар-эс-Салам,Дар ес-Салаам,Dar es Salaam,Dar es Salaam
148,Dżakarta,Джакарта,Джакарта,Джакарта,Джакарта,Džakarta,Jakarta
149,Dżibuti,Джыбуці,Джибуті,Джибути,Джибути,Džibuti,Džibuti
150,Düsseldorf,Дзюсельдорф,Дюссельдорф,Дюссельдорф,Дюселдорф,Düsseldorf,Düsseldorf
151,Doha,Доха,Доха,Доха,Доха,Doha,Dauhá
152,Duala,Дуала,Дуала,Дуала,Дуала,Douala,Douala
153,Dubaj,Дубай,Дубай,Дубай,Дубай,Dubaj,Dubaj
154,Dublin,Дублін,Дублін,Дублин,Дъблин,Dublin,Dublin
155,Douglas,Дуглас,Дуглас,Дуглас,Дъглас,Douglas,Douglas
156,Durban,Дурбан,Дурбан,Дурбан,Дърбан,Durban,Durban
157,Duszanbe,Душанбэ,Душанбе,Душанбе,Душанбе,Dušanbe,Dušanbe
158,Jekaterynburg,Екацярынбург,Єкатеринбург,Екатеринбург,Екатеринбург,Jekaterinburg,Jekatěrinburg
159,Erywań,Ерэван,Єреван,Ереван,Ереван,Erevan,Jerevan
160,Genewa,Жэнева,Женева,Женева,Женева,Ženeva,Ženeva
161,Zagrzeb,Заграб,Загреб,Загреб,Загреб,Zagreb,Záhřeb
162,Salzburg,Зальцбург,Зальцбург,Зальцбург,Залцбург,Salzburg,Salcburk
163,Johannesburg,Яганэсбург,Йоганнесбург,Йоханнесбург,Йоханесбург,Johannesburg,Johannesburg
164,Jokohama,Якагама,Йокогама,Иокогама,Йокохама,Jokohama,Jokohama
165,Kabul,Кабул,Кабул,Кабул,Кабул,Kabul,Kábul
166,Calgary,Калгары,Калгарі,Калгари,Калгари,Calgary,Calgary
167,Kolombo,Каломба,Коломбо,Коломбо,Коломбо,Kolombo,Kolombo
168,Kolkata,Калькута,Колката,Калькутта,Колката,Kalkuta,Kalkata
169,Kampala,Кампала,Кампала,Кампала,Кампала,Kampala,Kampala
170,Konakry,Конакры,Конакрі,Конакри,Конакри,Conakry,Konakry
171,Canberra,Канбера,Канберра,Канберра,Канбера,Canberra,Canberra
172,Kanton,Кантон,Ґуанчжоу,Гуанчжоу,Гуанджоу,Guangdžov,Kanton
173,Kopenhaga,Капенгаген,Копенгаген,Копенгаген,Копенхаген,København,Kodaň
174,Caracas,Каракас,Каракас,Каракас,Каракас,Caracas,Caracas
175,Karaczi,Карачы,Карачі,Карачи,Карачи,Karači,Karáčí
176,Casablanca,Касабланка,Касабланка,Касабланка,Казабланка,Casablanca,Casablanca
177,Castries,Кастры,Кастрі,Кастри,Кастрийс,Castries,Castries
178,Katmandu,Катманду,Катманду,Катманду,Катманду,Katmandu,Káthmándú
179,Kair,Каір,Каїр,Каир,Кайро,Kairo,Káhira
180,Québec,Квебек,Квебек,Квебек,Квебек,Québec,Québec
181,Kobe,Кобэ,Кобе,Кобе,Кобе,Kobe,Kóbe
182,Kraków,Кракаў,Краків,Краков,Краков,Krakov,Krakov
183,Kuala Lumpur,Куала-Лумпур,Куала-Лумпур,Куала-Лумпур,Куала Лумпур,Kuala Lumpur,Kuala Lumpur
184,Kuwejt,Кувейт,Ель-Кувейт,Эль-Кувейт,Кувейт,Kuvajt,Kuvajt
185,Kigali,Кігалі,Кігалі,Кигали,Кигали,Kigali,Kigali
186,Kingston,Кінгстан,Кінгстон,Кингстон,Кингстън,"Kingston, Jamajka",Kingston
187,Kingstown,Кінгстаўн,Кінгстаун,Кингстаун,Кингстаун,Kingstown,Kingstown
188,Kinszasa,Кіншаса,Кіншаса,Киншаса,Киншаса,Kinšasa,Kinshasa
189,Quito,Кіта,Кіто,Кито,Кито,Quito,Quito
190,Kiszyniów,Кішынёў,Кишинів,Кишинёв,Кишинев,Kišinjev,Kišiněv
191,Lipsk,Лейпцыг,Лейпциг,Лейпциг,Лайпциг,Leipzig,Lipsko
192,Petersburg,Ленінград,Санкт-Петербург,Санкт-Петербург,Санкт Петербург,Sankt Peterburg,Petrohrad
193,Lomé,Ламэ,Ломе,Ломе,Ломе,Lomé,Lomé
194,Londyn,Лондан,Лондон,Лондон,Лондон,London,Londýn
195,Luanda,Луанда,Луанда,Луанда,Луанда,Luanda,Luanda
196,Lusaka,Лусака,Лусака,Лусака,Лусака,Lusaka,Lusaka
197,Lublana,Любляна,Любляна,Любляна,Любляна,Ljubljana,Lublaň
199,Libreville,Лібрэвіль,Лібревіль,Либревиль,Либревил,Libreville,Libreville
200,Lilongwe,Лілонгвэ,Лілонгве,Лилонгве,Лилонгве,Lilongwe,Lilongwe
201,Lima,Ліма,Ліма,Лима,Лима,Lima,Lima
202,Lizbona,Лісабон,Лісабон,Лиссабон,Лисабон,Lizbona,Lisabon
203,Mogadiszu,Магадзіша,Могадішо,Могадишо,Могадишу,Mogadiš,Mogadišo
204,Ćennaj,Чэнаі,Ченнаї,Ченнаи,Ченай,Chennai,Čennaí
205,Madryt,Мадрыд,Мадрид,Мадрид,Мадрид,Madrid,Madrid
206,Malabo,Малаба,Малабо,Малабо,Малабо,Malabo,Malabo
207,Male,Мале,Мале,Мале,Мале,Malé,Male
208,Mombasa,Мамбаса,Момбаса,Момбаса,Момбаса,Mombasa,Mombasa
209,Manama,Манама,Манама,Манама,Манама,Manama,Manáma
210,Monrovia,Манровія,Монровія,Монровия,Монровия,Monrovija,Monrovia
211,Montreal,Манрэаль,Монреаль,Монреаль,Монреал,Montréal,Montréal
212,Montevideo,Мантэвідэа,Монтевідео,Монтевидео,Монтевидео,Montevideo,Montevideo
213,Manila,Маніла,Маніла,Манила,Манила,Manila,Manila
214,Maputo,Мапуту,Мапуту,Мапуту,Мапуто,Maputo,Maputo
215,Moroni,Мароні,Мороні,Морони,Морони,Moroni,Moroni
216,Marsylia,Марсель,Марсель,Марсель,Марсилия,Marseille,Marseille
217,Maseru,Масеру,Масеру,Масеру,Масеру,Maseru,Maseru
218,Moskwa,Масква,Москва,Москва,Москва,Moskva,Moskva
219,Mbabane,Мбабанэ,Мбабане,Мбабане,Мбабане,Mbabane,Mbabane
220,Mekka,Мекка,Мекка,Мекка,Мека,Meka,Mekka
221,Melbourne,Мельбурн,Мельбурн,Мельбурн,Мелбърн,Melbourne,Melbourne
222,Meksyk,Мехіка,Мехіко,Мехико,Мексико,Ciudad de México,Ciudad de México
224,Maskat,Маскат,Маскат,Маскат,Маскат,Muškat,Maskat
225,Monachium,Мюнхен,Мюнхен,Мюнхен,Мюнхен,München,Mnichov
226,Mediolan,Мілан,Мілан,Милан,Милано,Milano,Milán
227,Niamey,Ніямей,Ніамей,Ниамей,Ниамей,Niamey,Niamey
228,Nairobi,Найробі,Найробі,Найроби,Найроби,Nairobi,Nairobi
229,Nassau,Насау,Нассау,Нассау,Насау,"Nassau, Bahami",Nassau
230,Ndżamena,Нджамена,Нджамена,Нджамена,Нджамена,N'Djamena,N'Djamena
231,Neapol,Неапаль,Неаполь,Неаполь,Неапол,Neapelj,Neapol
232,Nawakszut,Нуакшот,Нуакшот,Нуакшот,Нуакшот,Nouakchott,Nuakšott
233,Nukuʻalofa,Нукуалофа,Нукуалофа,Нукуалофа,Нукуалофа,Nukuʻalofa,Nuku'alofa
234,Nowe Delhi,Нью-Дэлі,Нью-Делі,Нью-Дели,Ню Делхи,New Delhi,Nové Dillí
235,Osaka,Осака,Осака,Осака,Осака,Osaka,Ósaka
236,Oslo,Осла,Осло,Осло,Осло,Oslo,Oslo
237,Palermo,Палерма,Палермо,Палермо,Палермо,Palermo,Palermo
238,Palikir,Палікір,Палікір,Паликир,Паликир,Palikir,Palikir
239,Panama,Панама,Панама,Панама,Панама,Panama,Panamá
240,Paramaribo,Парамарыба,Парамарибо,Парамарибо,Парамарибо,Paramaribo,Paramaribo
241,Paryż,Парыж,Париж,Париж,Париж,Pariz,Paříž
242,Pekin,Пекін,Пекін,Пекин,Пекин,Peking,Peking
243,Perth,Перт,Перт,Перт,Пърт,"Perth, Zahodna Avstralija",Perth
245,Phnom Penh,Пнампень,Пномпень,Пномпень,Пном Пен,Phnom Penh,Phnompenh
246,Poznań,Познань,Познань,Познань,Познан,Poznanj,Poznaň
247,Port Vila,Порт-Віла,Порт-Віла,Порт-Вила,Порт Вила,Port Vila,Port Vila
248,Port Louis,Порт-Луі,Порт-Луї,Порт-Луи,Порт Луи,Port Louis,Port Louis
249,Port Moresby,Порт-Морсбі,Порт-Морсбі,Порт-Морсби,Порт Морсби,Port Moresby,Port Moresby
250,Port-of-Spain,Порт-оф-Спейн,Порт-оф-Спейн,Порт-оф-Спейн,Порт ъф Спейн,Port of Spain,Port of Spain
251,Porto-Novo,Порта-Нова,Порто-Ново,Порто-Ново,Порто Ново,Porto-Novo,Porto Novo
252,Praga,Прага,Прага,Прага,Прага,Praga,Praha
253,Praia,Прая,Прая,Прая,Прая,Praia,Praia
254,Pjongjang,Пхеньян,Пхеньян,Пхеньян,Пхенян,Pjongjang,Pchjongjang
255,Rabat,Рабат,Рабат,Рабат,Рабат,Rabat,Rabat
256,Rangun,Янгон,Янгон,Янгон,Янгон,Jangon,Rangún
257,Rio de Janeiro,Рыа-дэ-Жанэйра,Ріо-де-Жанейро,Рио-де-Жанейро,Рио де Жанейро,Rio de Janeiro,Rio de Janeiro
258,Ryga,Рыга,Рига,Рига,Рига,Riga,Riga
259,Rzym,Рым,Рим,Рим,Рим,Rim,Řím
260,Rijad,Рыяд,Ер-Ріяд,Эр-Рияд,Рияд,Riad,Rijád
261,Reykjavík,Рэйк’явік,Рейк'явік,Рейкьявик,Рейкявик,Reykjavik,Reykjavík
262,Ho Chi Minh,Сайгон,Хошимін,Хошимин,Хошимин,Hošiminh,Ho Či Minovo Město
263,San Marino,Сан-Марына,Сан-Марино,Сан-Марино,Сан Марино,San Marino,San Marino
264,São Paulo,Сан-Паулу,Сан-Паулу,Сан-Паулу,Сао Пауло,São Paulo,São Paulo
265,San Salvador,Сан-Сальвадор,Сан-Сальвадор,Сан-Сальвадор,Сан Салвадор,San Salvador,San Salvador
266,San José,Сан-Хасэ,Сан-Хосе,Сан-Хосе,Сан Хосе,San José,San José
267,San Juan,Сан-Хуан,Сан-Хуан,Сан-Хуан,Сан Хуан,"San Juan, Portoriko",San Juan
269,Santiago,Сант’яга,Сантьяго,Сантьяго,Сантяго де Чиле,Santiago de Chile,Santiago de Chile
270,Santo Domingo,Санта-Дамінга,Санто-Домінго,Санто-Доминго,Санто Доминго,Santo Domingo,Santo Domingo
271,Sarajewo,Сараева,Сараєво,Сараево,Сараево,Sarajevo,Sarajevo
272,Sofia,Сафія,Софія,София,София,Sofija,Sofie
274,Saint George’s,Сент-Джорджэс,Сент-Джорджес,Сент-Джорджес,Сейнт Джорджис,St. George's,Saint George's
275,Seul,Сеул,Сеул,Сеул,Сеул,Seul,Soul
276,Skopje,Скоп’е,Скоп'є,Скопье,Скопие,Skopje,Skopje
277,Sztokholm,Стакгольм,Стокгольм,Стокгольм,Стокхолм,Stockholm,Stockholm
278,Stambuł,Стамбул,Стамбул,Стамбул,Истанбул,Carigrad,Istanbul
279,Strasburg,Страсбур,Страсбург,Страсбург,Страсбург,Strasbourg,Štrasburk
280,Suva,Сува,Сува,Сува,Сува,Suva,Suva
281,Surabaja,Сурабая,Сурабая,Сурабая,Сурабая,Surabaja,Surabaja
282,Sydney,Сідней,Сідней,Сидней,Сидни,Sydney,Sydney
284,Tallinn,Талін,Таллінн,Таллин,Талин,Talin,Tallinn
285,Tanger,Танжэр,Танжер,Танжер,Танжер,Tanger,Tanger
286,Toronto,Таронта,Торонто,Торонто,Торонто,Toronto,Toronto
287,Taszkent,Ташкент,Ташкент,Ташкент,Ташкент,Taškent,Taškent
288,Tbilisi,Тбілісі,Тбілісі,Тбилиси,Тбилиси,Tbilisi,Tbilisi
289,Tokio,Токіа,Токіо,Токио,Токио,Tokio,Tokio
290,Trypolis,Трыпалі,Триполі,Триполи,Триполи,Tripoli,Tripolis
291,Tunis,Туніс,Туніс,Тунис,Тунис,Tunis,Tunis
292,Turyn,Турын,Турин,Турин,Торино,Torino,Turín
293,Tirana,Тырана,Тирана,Тирана,Тирана,Tirana,Tirana
294,Teheran,Тэгеран,Тегеран,Тегеран,Техеран,Teheran,Teherán
295,Tegucigalpa,Тэгусігальпа,Тегусігальпа,Тегусигальпа,Тегусигалпа,Tegucigalpa,Tegucigalpa
296,Tel Awiw-Jafa,Тэль-Авіў,Тель-Авів,Тель-Авив,Тел Авив,Tel Aviv,Tel Aviv
297,Wagadugu,Уагадугу,Уагадугу,Уагадугу,Уагадугу,Ouagadougou,Ouagadougou
298,Władywostok,Уладзівасток,Владивосток,Владивосток,Владивосток,Vladivostok,Vladivostok
299,Ułan Bator,Улан-Батар,Улан-Батор,Улан-Батор,Улан Батор,Ulan Bator,Ulánbátar
300,Walvis Bay,Уолвіш-Бей,Волфіш-Бей,Уолфиш-Бей,Уолфиш Бей,Zaliv kitov,Walvis Bay
301,Saloniki,Салонікі,Салоніки,Салоники,Солун,Solun,Soluň
302,Florencja,Фларэнцыя,Флоренція,Флоренция,Флоренция,Firence,Florencie
303,Frankfurt nad Menem,Франкфурт-на-Майне,Франкфурт-на-Майні,Франкфурт-на-Майне,Франкфурт на Майн,Frankfurt ob Majni,Frankfurt nad Mohanem
304,Freetown,Фрытаўн,Фрітаун,Фритаун,Фрийтаун,Freetown,Freetown
305,Chabarowsk,Хабараўск,Хабаровськ,Хабаровск,Хабаровск,Habarovsk,Chabarovsk
306,Hanoi,Ханой,Ханой,Ханой,Ханой,Hanoj,Hanoj
307,Harare,Харарэ,Хараре,Хараре,Хараре,Harare,Harare
308,Chartum,Хартум,Хартум,Хартум,Хартум,Kartum,Chartúm
309,Helsinki,Хельсінкі,Гельсінкі,Хельсинки,Хелзинки,Helsinki,Helsinky
310,Zurych,Цурых,Цюрих,Цюрих,Цюрих,Zürich,Curych
311,Szanghaj,Шанхай,Шанхай,Шанхай,Шанхай,Šanghaj,Šanghaj
312,Stuttgart,Штутгарт,Штутгарт,Штутгарт,Щутгарт,Stuttgart,Stuttgart
313,Edynburg,Эдзінбург,Единбург,Эдинбург,Единбург,Edinburg,Edinburgh
314,Yaren,Ярэн,Ярен,Ярен,Ярен,Yaren,Yaren
315,Jaunde,Яўндэ,Яунде,Яунде,Яунде,Yaoundé,Yaoundé
316,Język ukraiński,Украінская мова,Українська мова,Украинский язык,Украински език,Ukrajinščina,Ukrajinština
317,Tyraspol,Ціраспаль,Тирасполь,Тирасполь,Тираспол,Tiraspol,Tiraspol
318,Sewastopol,Севастопаль,Севастополь,Севастополь,Севастопол,Sevastopol,Sevastopol
319,Tomsk,Томск,Томськ,Томск,Томск,Tomsk,Tomsk
320,Samara,Самара,Самара,Самара,Самара,Samara,Samara
321,Omsk,Омск,Омськ,Омск,Омск,Omsk,Omsk
322,Pietropawłowsk Kamczacki,Петрапаўлаўск-Камчацкі,Петропавловськ-Камчатський,Петропавловск-Камчатский,Петропавловск Камчатски,Petropavlovsk-Kamčatski,Petropavlovsk-Kamčatskij
323,Miasto,Горад,Місто,Город,Град,Mesto,Město
324,Tobolsk,Табольск,Тобольськ,Тобольск,Тоболск,Tobolsk,Tobolsk
326,Szlachta w Polsce,Шляхта,Польська шляхта,Шляхта,Шляхта,Šlahta,Szlachta
327,Smoleńsk,Смаленск,Смоленськ,Смоленск,Смоленск,Smolensk,Smolensk
328,Język rosyjski,Руская мова,Російська мова,Русский язык,Руски език,Ruščina,Ruština
329,Novo Mesto,Нова-Места,Ново Место,Ново-Место,Ново место,Novo mesto,Novo mesto
330,Stolica,Сталіца,Столиця,Столица,Столица,Glavno mesto,Hlavní město
332,Rzeczpospolita Obojga Narodów,Рэч Паспалітая,Річ Посполита,Речь Посполитая,Жечпосполита,Republika obeh narodov,Polsko-litevská unie
333,Język polski,Польская мова,Польська мова,Польский язык,Полски език,Poljščina,Polština
334,Wielkie Księstwo Litewskie,Вялікае Княства Літоўскае,Велике князівство Литовське,Великое княжество Литовское,Велико литовско княжество,Velika litovska kneževina,Litevské velkoknížectví
337,Lista państw świata,Спіс краін паводле алфавіта,Список країн світу,Список государств,Списък на страните,Seznam suverenih držav,Seznam států světa
338,St. Petersburg,Сент-Пітэрсберг,Сент-Пітерсберг,Сент-Питерсберг,Сейнт Питърсбърг,Saint Petersburg,St. Petersburg
341,Szkocja,Шатландыя,Шотландія,Шотландия,Шотландия,Škotska,Skotsko
342,Filadelfia,Філадэльфія,Філадельфія,Филадельфия,Филаделфия,"Filadelfija, Pensilvanija",Filadelfie
343,Puebla,Эроіка-Пуэбла-дэ-Сарагоса,Пуебла,Пуэбла-де-Сарагоса,Пуебла,Puebla de Zaragoza,Puebla
345,Półwysep Krymski,Крым,Крим,Крым,Крим,Krim,Krym
346,Detroit,Дэтройт,Детройт,Детройт,Детройт,Detroit,Detroit
347,Cchinwali,Цхінвалі,Цхінвалі,Цхинвал,Цхинвали,Chinval,Cchinvali
350,Zhengzhou,Чжэнчжоу,Чженчжоу,Чжэнчжоу,Джънджоу,Džengdžov,Čeng-čou
352,Port-au-Prince,Порт-о-Прэнс,Порт-о-Пренс,Порт-о-Пренс,Порт о Пренс,Port-au-Prince,Port-au-Prince
353,Chorwacja,Харватыя,Хорватія,Хорватия,Хърватия,Hrvaška,Chorvatsko
354,Bułgaria,Балгарыя,Болгарія,Болгария,България,Bolgarija,Bulharsko
355,Thorshavn,Торсхаўн,Торсгавн,Торсхавн,Торсхавн,Tórshavn,Tórshavn
358,Związek Socjalistycznych Republik Radzieckich,СССР,Союз Радянських Соціалістичних Республік,Союз Советских Социалистических Республик,Съюз на съветските социалистически републики,Sovjetska zveza,Sovětský svaz
361,Rusini karpaccy,Русіны,Русини,Русины,Русини,Rusini,Rusíni
363,Jamajka,Ямайка,Ямайка,Ямайка,Ямайка,Jamajka,Jamajka
366,Łotwa,Латвія,Латвія,Латвия,Латвия,Latvija,Lotyšsko
369,Andora,Андора,Андорра,Андорра,Андора,Andora,Andorra
371,Baranowicze,Баранавічы,Барановичі,Барановичи,Барановичи,Baranaviči,Baranavičy
372,Uljanowsk,Ульянаўск,Ульяновськ,Ульяновск,Уляновск,Uljanovsk,Uljanovsk
374,Białystok,Беласток,Білосток,Белосток,Бялисток,Białystok,Bělostok
375,Hajnówka,Гайнаўка,Гайнівка,Хайнувка,Хайнувка,Hajnówka,Hajnówka
377,Wenecja,Венецыя,Венеція,Венеция,Венеция,Benetke,Benátky
378,Ameryka Południowa,Паўднёвая Амерыка,Південна Америка,Южная Америка,Южна Америка,Južna Amerika,Jižní Amerika
379,Połock,Полацк,Полоцьк,Полоцк,Полоцк,Polock,Polock
380,Unia brzeska,Берасцейская унія,Берестейська унія,Брестская уния,Брестка уния,Brestlitovska unija,Brestlitevská unie
382,Polesie,Палессе,Полісся,Полесье,Полесия,Polesje,Polesí
383,Starożytny Egipt,Старажытны Егіпет,Стародавній Єгипет,Древний Египет,Древен Египет,Stari Egipt,Starověký Egypt
385,Saint Lucia,Сен-Люсія,Сент-Люсія,Сент-Люсия,Сейнт Лусия,Sveta Lucija,Svatá Lucie
386,Kłajpeda,Мемель,Клайпеда,Клайпеда,Клайпеда,Klajpeda,Klaipėda
387,Sahara,Сахара,Сахара,Сахара,Сахара,Sahara,Sahara
388,Pylos,Пілас,Пілос,Пилос,Пилос,Pilos,Pylos
389,Słowenia,Славенія,Словенія,Словения,Словения,Slovenija,Slovinsko
390,Prypeć,Прыпяць,Прип'ять,Припять,Припят,Pripet,Pripjať
393,Murmańsk,Мурманск,Мурманськ,Мурманск,Мурманск,Murmansk,Murmansk
394,Briańsk,Бранск,Брянськ,Брянск,Брянск,Brjansk,Brjansk
396,Ushuaia,Ушуая,Усвая,Ушуая,Ушуая,Ushuaia,Ushuaia
399,Perm,Перм,Перм,Пермь,Перм,"Perm, Rusija",Perm
400,Narwa,Нарва,Нарва,Нарва,Нарва,Narva,Narva
403,Estonia,Эстонія,Естонія,Эстония,Естония,Estonija,Estonsko
404,Węgry,Венгрыя,Угорщина,Венгрия,Унгария,Madžarska,Maďarsko
405,Słowacja,Славакія,Словаччина,Словакия,Словакия,Slovaška,Slovensko
406,Finlandia,Фінляндыя,Фінляндія,Финляндия,Финландия,Finska,Finsko
407,Mołdawia,Малдова,Молдова,Молдавия,Молдова,Moldavija,Moldavsko
409,Troki,Тракай,Тракай,Тракай,Тракай,Trakai,Trakai
411,Ukraińcy,Украінцы,Українці,Украинцы,Украинци,Ukrajinci,Ukrajinci
413,Bielce,Бэлць,Бєльці,Бельцы,Белци,Bălți,Bălți
414,Portugalia,Партугалія,Португалія,Португалия,Португалия,Portugalska,Portugalsko
415,Irlandia,Ірландыя,Ірландія,Ирландия,Ирландия,Irska,Irsko
417,Nowosybirsk,Новасібірск,Новосибірськ,Новосибирск,Новосибирск,Novosibirsk,Novosibirsk
418,Cypr,Кіпр,Кіпр,Республика Кипр,Република Кипър,Ciper,Kypr
419,Kurytyba,Курытыба,Куритиба,Куритиба,Куритиба,Curitiba,Curitiba
423,Namibia,Намібія,Намібія,Намибия,Намибия,Namibija,Namibie
425,Damaszek,Дамаск,Дамаск,Дамаск,Дамаск,Damask,Damašek
426,Kazachstan,Казахстан,Казахстан,Казахстан,Казахстан,Kazahstan,Kazachstán
427,Lwów,Львоў,Львів,Львов,Лвов,Lvov,Lvov
432,Armenia,Арменія,Вірменія,Армения,Армения,Armenija,Arménie
433,Zatoka Bengalska,Бенгальскі заліў,Бенгальська затока,Бенгальский залив,Бенгалски залив,Bengalski zaliv,Bengálský záliv
434,Turkmenistan,Туркменістан,Туркменістан,Туркмения,Туркменистан,Turkmenistan,Turkmenistán
435,Uzbekistan,Узбекістан,Узбекистан,Узбекистан,Узбекистан,Uzbekistan,Uzbekistán
436,Kirgistan,Кыргызстан,Киргизстан,Киргизия,Киргизстан,Kirgizistan,Kyrgyzstán
437,Tadżykistan,Таджыкістан,Таджикистан,Таджикистан,Таджикистан,Tadžikistan,Tádžikistán
439,Murom,Мурам,Муром,Муром,Муром,Murom,Murom
440,Język grecki,Грэчаская мова,Грецька мова,Греческий язык,Гръцки език,Grščina,Řečtina
442,Nowogród Wielki,Вялікі Ноўгарад,Великий Новгород,Великий Новгород,Велики Новгород,Veliki Novgorod,Veliký Novgorod
444,Anadyr,Анадыр,Анадир,Анадырь,Анадир,"Anadir, Rusija",Anadyr
445,Argun,Аргун,Аргун,Аргун,Аргун,"Argun, Rusija",Argun
446,Wrocław,Уроцлаў,Вроцлав,Вроцлав,Вроцлав,Vroclav,Vratislav
448,Ottawa,Атава,Оттава,Оттава,Отава,Ottawa,Ottawa
449,Gatczyna,Гатчына,Гатчина,Гатчина,Гатчина,Gatčina,Gatčina
450,Naypyidaw,Найп’іда,Найп'їдо,Нейпьидо,Найпидо,Nepjido,Neipyijto
452,Ułan Ude,Улан-Удэ,Улан-Уде,Улан-Удэ,Улан Уде,Ulan-Ude,Ulan-Ude
453,Palmyra,Пальміра,Пальміра,Пальмира,Палмира,Palmira,Palmýra
455,Krasnojarsk,Краснаярск,Красноярськ,Красноярск,Красноярск,Krasnojarsk,Krasnojarsk
456,Czernogorsk,Чарнагорск,Чорногорськ,Черногорск,Черногорск,Černogorsk,Černogorsk
457,Sajanogorsk,Саянагорск,Саяногорськ,Саяногорск,Саяногорск,Sajanogorsk,Sajanogorsk
458,Abaza,Абаза,Абаза,Абаза,Абаза,"Abaza, Rusija",Abaza
459,Abakan,Абакан,Абакан,Абакан,Абакан,Abakan,Abakan
460,Iszym,Ішым,Ішим,Ишим,Ишим,Išim,Išim
461,Tiumeń,Цюмень,Тюмень,Тюмень,Тюмен,Tjumen,Ťumeň
462,Chanty-Mansyjsk,Ханты-Мансійск,Ханти-Мансійськ,Ханты-Мансийск,Ханти-Мансийск,Hanti-Mansijsk,Chanty-Mansijsk
463,Salechard,Салехард,Салехард,Салехард,Салехард,Salehard,Salechard
465,Bierdsk,Бердск,Бердськ,Бердск,Бердск,Berdsk,Berdsk
466,Iskitim,Іскіцім,Іскітим,Искитим,Искитим,Iskitim,Iskitim
467,Kujbyszew,Куйбышаў,Куйбишев,Куйбышев,Куйбишев,"Kujbišev, Rusija",Kujbyšev
468,Suchumi,Сухумі,Сухумі,Сухум,Сухуми,Akva,Suchumi
470,Gagra,Гагра,Гагра,Гагра,Гагра,Gagra,Gagra
471,Bijsk,Бійск,Бійськ,Бийск,Бийск,Bijsk,Bijsk
472,Barnauł,Барнаул,Барнаул,Барнаул,Барнаул,Barnaul,Barnaul
473,Trydent,Трэнта,Тренто,Тренто,Тренто,Trento,Trento
474,Galicja,Галічына,Галичина,Галиция,Галиция,Galicija,Halič
475,Uetersen,Ютэрзен,Ютерзен,Итерзен,Ютерзен,Uetersen,Uetersen
477,Sumer,Шумер,Шумер,Шумер,Шумер,Sumerija,Sumer
478,Królestwo Partów,Парфянскае царства,Парфянське царство,Парфянское царство,Партско царство,Partsko cesarstvo,Parthská říše
479,Związek Achajski,Ахейскі саюз,Ахейський союз,Ахейский союз,Ахейски съюз,Ahajska zveza,Achajský spolek
480,Asyria,Асірыя,Ассирія,Ассирия,Асирия,Asirija,Asýrie
481,Starożytna Macedonia,Старажытная Македонія,Стародавня Македонія,Древняя Македония,Древна Македония,Makedonija,Makedonie
482,Bendery,Бендэр,Бендери,Бендеры,Бендери,Bender,Tighina
484,Mali,Малі,Малі,Мали,Мали,Mali,Mali
485,Republika Zielonego Przylądka,Каба-Вердэ,Кабо-Верде,Кабо-Верде,Кабо Верде,Zelenortski otoki,Kapverdy
486,Ekwador,Эквадор,Еквадор,Эквадор,Еквадор,Ekvador,Ekvádor
487,Fenicja,Фінікія,Фінікія,Финикия,Финикия,Fenicija,Fénicie
488,Imperium Sasanidów,Дзяржава Сасанідаў,Держава Сасанідів,Государство Сасанидов,Сасанидска империя,Sasanidsko cesarstvo,Sásánovská říše
489,Chaldejczycy,Халдзеі,Халдеї,Халдеи,Халдейска династия,Kaldeja,Chaldea
490,Dniestr,Днестр,Дністер,Днестр,Днестър,Dnester,Dněstr
491,Akad,Акадэ,Аккад,Аккад,Акад,Akad,Akkad
492,Baktria,Бактрыя,Бактрія,Бактрия,Бактрия,Baktrija,Baktrie
493,Sofia Rotaru,Сафія Міхайлаўна Ратару,Ротару Софія Михайлівна,"Ротару, София Михайловна",София Ротару,Sofia Rotaru,Sofia Rotaru
496,Taras Szewczenko,Тарас Рыгоравіч Шаўчэнка,Шевченко Тарас Григорович,"Шевченко, Тарас Григорьевич",Тарас Шевченко,Taras Ševčenko,Taras Ševčenko
497,Złota Orda,Залатая Арда,Золота Орда,Золотая Орда,Златна орда,Zlata horda,Zlatá horda
505,Iwan Mazepa,Іван Мазепа,Іван Мазепа,"Мазепа, Иван Степанович",Иван Мазепа,Ivan Mazepa,Ivan Mazepa
507,Hebron,Хеўрон,Хеврон,Хеврон,Хеброн,Hebron,Hebron
511,Półwysep Arabski,Аравія,Аравійський півострів,Аравийский полуостров,Арабски полуостров,Arabski polotok,Arabský poloostrov
512,Hrywna,Украінская грыўня,Гривня,Украинская гривна,Украинска гривна,Ukrajinska grivna,Ukrajinská hřivna
513,Ukraińska Republika Ludowa,Украінская Народная Рэспубліка,Українська Народна Республіка,Украинская Народная Республика,Украинска народна република,Ukrajinska ljudska republika,Ukrajinská lidová republika
514,Inflanty,Лівонія,Лівонія,Ливония,Ливония,Livonija,Livonsko
517,Księstwo Kurlandii i Semigalii,Курляндскае і Земгальскае герцагства,Герцогство Курляндії і Семигалії,Курляндия и Семигалия,Курландия и Семигалия,Vojvodstvo Kurlandija in Semgalija,Kuronské a zemgalské vévodství
519,Nowy Orlean,Новы Арлеан,Новий Орлеан,Новый Орлеан,Ню Орлиънс,New Orleans,New Orleans
520,Kowno,Каўнас,Каунас,Каунас,Каунас,Kaunas,Kaunas
524,Nauru,Науру,Науру,Науру,Науру,Nauru,Nauru
525,Czelabińsk,Чалябінск,Челябінськ,Челябинск,Челябинск,Čeljabinsk,Čeljabinsk
526,Osetia Południowa,Паўднёвая Асеція,Південна Осетія,Южная Осетия,Южна Осетия,Južna Osetija,Jižní Osetie
527,Troja,Троя,Троя,Троя,Троя,Troja,Trója
529,Majkop,Майкоп,Майкоп,Майкоп,Майкоп,Majkop,Majkop
530,Derbent,Дзербент,Дербент,Дербент,Дербент,Derbent,Derbent
531,Machaczkała,Махачкала,Махачкала,Махачкала,Махачкала,Mahačkala,Machačkala
532,Księstwo Aten,Герцагства Афінскае,Афінське герцогство,Афинское герцогство,Атинско херцогство,Atenska vojvodina,Athénské vévodství
533,Królestwo Tesaloniki,Каралеўства Фесалонікі,Королівство Фессалоніки,Королевство Фессалоники,Солунско кралство,Solunsko kraljestvo,Soluňské království
534,Patras,Патры,Патри,Патры,Патра,Patras,Patra
536,Larisa,"Ларыса, горад",Лариса,Лариса,Лариса,Larisa,Larisa
538,Niniwa,Ніневія,Ніневія,Ниневия,Ниневия,Ninive,Ninive
539,Babilon,Вавілон,Вавилон,Вавилон,Вавилон,Babilon,Babylón
541,Nowy Sad,Нові-Сад,Новий Сад,Нови-Сад,Нови Сад,Novi Sad,Novi Sad
542,Charków,Харкаў,Харків,Харьков,Харков,Harkov,Charkov
543,Prisztina,Прышціна,Приштина,Приштина,Прищина,Priština,Priština
544,Užice,Ужыце,Ужиці,Ужице,Ужице,Užice,Užice
546,Podgorica,Падгорыца,Подгориця,Подгорица,Подгорица,Podgorica,Podgorica
547,Kragujevac,Крагуевац,Крагуєваць,Крагуевац,Крагуевац,Kragujevac,Kragujevac
548,Język słowacki,Славацкая мова,Словацька мова,Словацкий язык,Словашки език,Slovaščina,Slovenština
549,Państwo wielkomorawskie,Вялікая Маравія,Велика Моравія,Великая Моравия,Великоморавия,Velikomoravska,Velkomoravská říše
551,Nisz,Ніш,Ниш,Ниш,Ниш,Niš,Niš
552,Bor,Бор,Бор,Бор,Бор,"Bor, Srbija",Bor
553,Sombor,Сомбар,Сомбор,Сомбор,Сомбор,Sombor,Sombor
554,Subotica,Субоціца,Суботиця,Суботица,Суботица,Subotica,Subotica
556,Leskovac,Лескавац,Лесковац,Лесковац,Лесковац,Leskovac,Leskovac
557,Maribor,Марыбар,Марибор,Марибор,Марибор,Maribor,Maribor
558,Celje,Цэле,Целє,Целе,Целе,Celje,Celje
559,Kranj,Крань,Крань,Крань,Кран,Kranj,Kranj
561,Velenje,Вяленье,Веленє,Веленье,Велене,Velenje,Velenje
562,Koper,Копер,Копер,Копер,Копер,Koper,Koper
563,Ptuj,Птуй,Птуй,Птуй,Птуй,Ptuj,Ptuj
564,Nova Gorica,Нова-Горыца,Нова Гориця,Нова-Горица,Нова Горица,Nova Gorica,Nova Gorica
565,Psków,Пскоў,Псков,Псков,Псков,Pskov,Pskov
566,Orzeł,Арол,Орел,Орёл,Орел,Orjol,Orel
567,Lipieck,Ліпецк,Липецьк,Липецк,Липецк,Lipeck,Lipeck
569,Rijeka,Рыека,Рієка,Риека,Риека,"Reka, Hrvaška",Rijeka
570,Zadar,Задар,Задар,Задар,Задар,Zadar,Zadar
571,Karantania,Карантанія,Карантанія,Карантания,Карантания,Karantanija,Karantánie
572,Reims,Рэймс,Реймс,Реймс,Реймс,Reims,Remeš
574,Andrijevica,Андрыевіца,Андрієвиця,Андриевица,Андриевица,Andrijevica,Andrijevica
575,Język mołdawski,Малдаўская мова,Молдовська мова,Молдавский язык,Молдовски език,Moldavščina,Moldavština
577,Wyżyna Środkoworosyjska,Сярэднярускае ўзвышша,Середньоросійська височина,Среднерусская возвышенность,Средноруско възвишение,Srednjerusko višavje,Středoruská vysočina
578,Język ormiański,Армянская мова,Вірменська мова,Армянский язык,Арменски език,Armenščina,Arménština
580,Wyspy Brytyjskie,Брытанскія астравы,Британські острови,Британские острова,Британски острови,Britansko otočje,Britské ostrovy
581,Wyspy Normandzkie,Нармандскія астравы,Нормандські острови,Нормандские острова,Нормандски острови,Kanalski otoki,Normanské ostrovy
582,Jersey,Джэрсі,Джерсі,Джерси,Джърси,Jersey,Jersey
583,Gibraltar,Гібралтар,Гібралтар,Гибралтар,Гибралтар,Gibraltar,Gibraltar
585,Ziemia Franciszka Józefa,Зямля Франца-Іосіфа,Земля Франца-Йосифа,Земля Франца-Иосифа,Земя на Франц Йосиф,Dežela Franca Jožefa,Země Františka Josefa
587,Rotterdam,Ратэрдам,Роттердам,Роттердам,Ротердам,Rotterdam,Rotterdam
589,Haga,Гаага,Гаага,Гаага,Хага,Haag,Haag
590,Breda,Брэда,Бреда,Бреда,Бреда,"Breda, Nizozemska",Breda
591,Leeuwarden,Леўвардэн,Леуварден,Леуварден,Леуварден,Leeuwarden,Leeuwarden
593,Żeleznogorsk,Жалезнагорск,Желєзногорськ,Железногорск,Железногорск,"Železnogorsk, Kurska oblast",Železnogorsk
594,Rylsk,Рыльск,Рильськ,Рыльск,Рилск,Rilsk,Rylsk
595,Kursk,Курск,Курськ,Курск,Курск,Kursk,Kursk
596,Miasta na Białorusi,Гарады Беларусі,Міста Білорусі,Города Белоруссии,Списък на градовете в Беларус,Seznam mest v Belorusiji,Seznam měst v Bělorusku
597,Liverpool,Ліверпуль,Ліверпуль,Ливерпуль,Ливърпул,Liverpool,Liverpool
599,Manchester,Манчэстэр,Манчестер,Манчестер,Манчестър,Manchester,Manchester
600,Arnhem,Арнэм,Арнем,Арнем,Арнем,Arnhem,Arnhem
602,Haarlem,Харлем,Гарлем,Харлем,Харлем,Haarlem,Haarlem
603,Nijmegen,Неймеген,Неймеген,Неймеген,Неймеген,Nijmegen,Nijmegen
604,Apeldoorn,Апелдорн,Апелдорн,Апелдорн,Апелдорн,Apeldoorn,Apeldoorn
605,Maastricht,Маастрыхт,Маастрихт,Маастрихт,Маастрихт,Maastricht,Maastricht
609,Český Krumlov,Чэскі-Крумлаў,Чеський Крумлов,Чески-Крумлов,Чески Крумлов,Český Krumlov,Český Krumlov
610,Zlin,Злін,Злін,Злин,Злин,Zlín,Zlín
611,Język bułgarski,Балгарская мова,Болгарська мова,Болгарский язык,Български език,Bolgarščina,Bulharština
612,Oman,Аман,Оман,Оман,Оман,Oman,Omán
613,Angola,Ангола,Ангола,Ангола,Ангола,Angola,Angola
614,Antigua i Barbuda,Антыгуа і Барбуда,Антигуа і Барбуда,Антигуа и Барбуда,Антигуа и Барбуда,Antigva in Barbuda,Antigua a Barbuda
615,Bahrajn,Бахрэйн,Бахрейн,Бахрейн,Бахрейн,Bahrajn,Bahrajn
616,Botswana,Батсвана,Ботсвана,Ботсвана,Ботсвана,Bocvana,Botswana
617,Burkina Faso,Буркіна-Фасо,Буркіна-Фасо,Буркина-Фасо,Буркина Фасо,Burkina Faso,Burkina Faso
618,Barbados,Барбадас,Барбадос,Барбадос,Барбадос,Barbados,Barbados
619,Burundi,Бурундзі,Бурунді,Бурунди,Бурунди,Burundi,Burundi
621,Benin,Бенін,Бенін,Бенин,Бенин,Benin,Benin
622,Haiti,Гаіці,Гаїті,Республика Гаити,Хаити,Haiti,Haiti
623,Gabon,Габон,Габон,Габон,Габон,Gabon,Gabon
624,Porto,Порту,Порту,Порту,Порто,Porto,Porto
625,Timor Wschodni,Усходні Тымор,Східний Тимор,Восточный Тимор,Източен Тимор,Vzhodni Timor,Východní Timor
626,Antiochia,Антак’я,Антак'я,Антакья,Антакия,Antakya,Antakya
627,Jemen,Емен,Ємен,Йемен,Йемен,Jemen,Jemen
629,Łódź,Лодзь,Лодзь,Лодзь,Лодз,Lodž,Lodž
631,Szczecin,Шчэцін,Щецин,Щецин,Шчечин,Szczecin,Štětín
632,Jaworzno,Явожна,Явожно,Явожно,Явожно,Jaworzno,Jaworzno
633,Zielona Góra,Зялёна Гура,Зелена Гура,Зелёна-Гура,Жельона Гура,Zielona Góra,Zielona Góra
636,Katar,Катар,Катар,Катар,Катар,Katar,Katar
637,Cesarstwo Trapezuntu,Трапезундская імперыя,Трапезундська імперія,Трапезундская империя,Трапезундска империя,Trapezundsko cesarstvo,Trapezuntské císařství
640,Bizancjum,Візантый,Візантій,Византий,Византион,Bizanc,Byzantion
642,Piza,Піза,Піза,Пиза,Пиза,Pisa,Pisa
643,Kuwejt,Кувейт,Кувейт,Кувейт,Кувейт,Kuvajt,Kuvajt
644,Woroneż,Варонеж,Воронеж,Воронеж,Воронеж,Voronež,Voroněž
645,Astrachań,Астрахань,Астрахань,Астрахань,Астрахан,Astrahan,Astrachaň
646,Wołgograd,Валгаград,Волгоград,Волгоград,Волгоград,Volgograd,Volgograd
649,Krasnodar,Краснадар,Краснодар,Краснодар,Краснодар,Krasnodar,Krasnodar
650,Soczi,Сочы,Сочі,Сочи,Сочи,"Soči, Rusija",Soči
651,Royan,Руаян,Руаян,Руайан,Роаян,Royan,Royan
652,Traktat brzeski,Брэсцкі мір,Берестейський мир,Брестский мир,Брест-Литовски мирен договор,Brestlitovski mir,Brestlitevský mír
654,Sicz Zaporoska,Запарожская Сеч,Запорозька Січ,Запорожская Сечь,Запорожка Сеч,Zaporoška Seč,Záporožská Sič
659,Azow,Азоў,Азов,Азов,Азов,Azov,Azov
660,Toruń,Торунь,Торунь,Торунь,Торун,Torunj,Toruň
662,Tajpej,Тайбэй,Тайбей,Тайбэй,Тайпе,Tajpej,Tchaj-pej
664,Taganrog,Таганрог,Таганрог,Таганрог,Таганрог,Taganrog,Taganrog
665,Rostów nad Donem,Растоў-на-Доне,Ростов-на-Дону,Ростов-на-Дону,Ростов на Дон,Rostov na Donu,Rostov na Donu
666,Zgierz,Згеж,Згеж,Згеж,Згеж,Zgierz,Zgierz
667,Hetman,Гетман,Гетьман,Гетман,Хетман,Hetman,Hejtman
669,Hospodarstwo Mołdawskie,Малдаўскае княства,Молдавське князівство,Молдавское княжество,Княжество Молдова,Kneževina Moldavija,Moldavské knížectví
671,Saratów,Саратаў,Саратов,Саратов,Саратов,Saratov,Saratov
672,Wotkińsk,Воткінск,Воткінськ,Воткинск,Воткинск,Votkinsk,Votkinsk
673,Sarańsk,Саранск,Саранськ,Саранск,Саранск,Saransk,Saransk
674,Andora,Андора-ла-Велья,Андорра-ла-Велья,Андорра-ла-Велья,Андора ла Веля,Andorra la Vella,Andorra la Vella
675,Delhi,Дэлі,Делі,Дели,Делхи,Delhi,Dillí
677,Julia Tymoszenko,Юлія Уладзіміраўна Цімашэнка,Тимошенко Юлія Володимирівна,"Тимошенко, Юлия Владимировна",Юлия Тимошенко,Julija Timošenko,Julija Tymošenková
680,Kazań,Казань,Казань,Казань,Казан,Kazan,Kazaň
681,Ufa,Уфа,Уфа,Уфа,Уфа,Ufa,Ufa
682,Mongolia,Манголія,Монголія,Монголия,Монголия,Mongolija,Mongolsko
683,Laos,Лаос,Лаос,Лаос,Лаос,Laos,Laos
684,Królestwo Jerozolimskie,Іерусалімскае каралеўства,Єрусалимське королівство,Иерусалимское королевство,Йерусалимско кралство,Jeruzalemsko kraljestvo,Jeruzalémské království
685,Twer,Цвер,Твер,Тверь,Твер,Tver,Tver
689,Urugwaj,Уругвай,Уругвай,Уругвай,Уругвай,Urugvaj,Uruguay
692,Paragwaj,Парагвай,Парагвай,Парагвай,Парагвай,Paragvaj,Paraguay
693,Nepal,Непал,Непал,Непал,Непал,Nepal,Nepál
696,Nikozja,Нікасія,Нікосія,Никосия,Никозия,Nikozija,Nikósie
697,Wielki głód na Ukrainie,Галадамор,Голодомор в Україні,Голодомор на Украине,Гладомор,Gladomor,Hladomor na Ukrajině
699,Bhutan,Бутан,Бутан,Бутан,Бутан,Butan,Bhútán
700,Zjednoczone Emiraty Arabskie,Аб’яднаныя Арабскія Эміраты,Об'єднані Арабські Емірати,Объединённые Арабские Эмираты,Обединени арабски емирства,Združeni arabski emirati,Spojené arabské emiráty
702,Gujana,Гаяна,Гаяна,Гайана,Гвиана,Gvajana,Guyana
703,Surinam,Сурынам,Суринам,Суринам,Суринам,Surinam,Surinam
706,Kenia,Кенія,Кенія,Кения,Кения,Kenija,Keňa
708,Jidysz,Ідыш,Їдиш,Идиш,Идиш,Jidiš,Jidiš
709,Włodzimierz I Wielki,Уладзімір Святаславіч,Володимир Святославич,Владимир Святославич,Владимир I,Vladimir I. Kijevski,Vladimír I.
712,Błagojewgrad,Благаеўград,Благоєвград,Благоевград,Благоевград,Blagoevgrad,Blagoevgrad
714,Plewen,Плевен,Плевен,Плевен,Плевен,Pleven,Pleven
715,Łom,Лом,Лом,Лом,Лом,"Lom, Bolgarija",Lom
716,Tanzania,Танзанія,Танзанія,Танзания,Танзания,Tanzanija,Tanzanie
717,Mozambik,Мазамбік,Мозамбік,Мозамбик,Мозамбик,Mozambik,Mosambik
718,Zimbabwe,Зімбабвэ,Зімбабве,Зимбабве,Зимбабве,Zimbabve,Zimbabwe
719,Zambia,Замбія,Замбія,Замбия,Замбия,Zambija,Zambie
720,Uganda,Уганда,Уганда,Уганда,Уганда,Uganda,Uganda
721,Warna,Варна,Варна,Варна,Варна,"Varna, Bolgarija",Varna
724,Odessa,Адэса,Одеса,Одесса,Одеса,Odesa,Oděsa
727,Kamerun,Камерун,Камерун,Камерун,Камерун,Kamerun,Kamerun
729,Kongo,Рэспубліка Конга,Республіка Конго,Республика Конго,Република Конго,Zahodni Kongo,Konžská republika
730,Republika Środkowoafrykańska,Цэнтральна-Афрыканская Рэспубліка,Центральноафриканська Республіка,Центральноафриканская Республика,Централноафриканска република,Srednjeafriška republika,Středoafrická republika
732,Togliatti,Тальяці,Тольятті,Тольятти,Толиати,Toljati,Toljatti
733,Cesarstwo Austrii,Аўстрыйская імперыя,Австрійська імперія,Австрийская империя,Австрийска империя,Avstrijsko cesarstvo,Rakouské císařství
734,Czad,Чад,Чад,Чад,Чад,Čad,Čad
735,Niger,Нігер,Нігер,Нигер,Нигер,Niger,Niger
738,Chanat Krymski,Крымскае ханства,Кримське ханство,Крымское ханство,Кримско ханство,Krimski kanat,Krymský chanát
739,Chanat Astrachański,Астраханскае ханства,Астраханське ханство,Астраханское ханство,Астраханско ханство,Astrahanski kanat,Astrachaňský chanát
740,Państwa Osi,Краіны Восі,Країни Осі,Страны «оси» и их союзники,Страни от Оста,Sile osi,Osa Berlín–Řím–Tokio
744,Niżny Nowogród,Ніжні Ноўгарад,Нижній Новгород,Нижний Новгород,Нижни Новгород,Nižni Novgorod,Nižnij Novgorod
745,Kolonia,Кёльн,Кельн,Кёльн,Кьолн,Köln,Kolín nad Rýnem
746,Hanower,Гановер,Ганновер,Ганновер,Хановер,Hannover,Hannover
747,Drezno,Дрэздэн,Дрезден,Дрезден,Дрезден,Dresden,Drážďany
748,Norymberga,Нюрнберг,Нюрнберг,Нюрнберг,Нюрнберг,Nürnberg,Norimberk
749,Brema,Брэмен,Бремен,Бремен,Бремен,Bremen,Brémy
752,Thimphu,Тхімпху,Тхімпху,Тхимпху,Тхимпху,Thimphu,Thimbú
755,Nuuk,Нук,Нуук,Нуук,Нуук,Nuuk,Nuuk
756,Tampere,Тамперэ,Тампере,Тампере,Тампере,Tampere,Tampere
757,Uppsala,Упсала,Уппсала,Уппсала,Упсала,Uppsala,Uppsala
758,Kandahar,Кандагар,Кандагар,Кандагар,Кандахар,Kandahar,Kandahár
759,Lublin,Люблін,Люблін,Люблин,Люблин,Lublin,Lublin
760,Tromsø,Тромсё,Тромсе,Тромсё,Тромсьо,Tromsø,Tromsø
761,Trondheim,Тронхейм,Тронгейм,Тронхейм,Тронхайм,Trondheim,Trondheim
762,Bergen,Берген,Берген,Берген,Берген,Bergen,Bergen
764,Odense,Одэнсэ,Оденсе,Оденсе,Оденсе,Odense,Odense
765,Aarhus,Орхус,Орхус,Орхус,Орхус,Aarhus,Aarhus
767,Tartu,Тарту,Тарту,Тарту,Тарту,Tartu,Tartu
768,Samarkanda,Самарканд,Самарканд,Самарканд,Самарканд,Samarkand,Samarkand
769,Oulu,Оўлу,Оулу,Оулу,Оулу,Oulu,Oulu
770,Jurmała,Юрмала,Юрмала,Юрмала,Юрмала,Jūrmala,Jūrmala
771,Buchara,Бухара,Бухара,Бухара,Бухара,Buhara,Buchara
772,Akureyri,Акурэйры,Акурейрі,Акюрейри,Акюрейри,Akureyri,Akureyri
773,Kópavogur,Коўпавагур,Коупавогюр,Коупавогюр,Коупавогюр,Kópavogur,Kópavogur
774,Hafnarfjörður,Хабнарфіёрдур,Гапнарф'єрдюр,Хабнарфьордюр,Хапнарфьордюр,Hafnarfjörður,Hafnarfjörður
775,Sarow,Сароў,Саров,Саров,Саров,Sarov,Sarov
776,Puszkin,Пушкін,Пушкін,Пушкин,Пушкин,"Puškin, Sankt Peterburg",Puškin
777,Graz,Грац,Ґрац,Грац,Грац,Gradec,Štýrský Hradec
778,Linz,Лінц,Лінц,Линц,Линц,Linz,Linec
779,Kronsztad,Кранштат,Кронштадт,Кронштадт,Кронщат,Kronštat,Kronštadt
780,Peterhof,Пецяргоф,Петергоф,Петергоф,Петерхоф,Petergof,Petrodvorec
782,Sivas,Сівас,Сівас,Сивас,Сивас,Sivas,Sivas
783,Hattusa,Хатуса,Хаттуса,Хаттуса,Хатуша,Hatuša,Chattušaš
786,Safranbolu,Сафранбалу,Сафранболу,Сафранболу,Сафранболу,Safranbolu,Safranbolu
787,Donieck,Данецк,Донецьк,Донецк,Донецк,Doneck,Doněck
793,Los Angeles,Лос-Анджэлес,Лос-Анджелес,Лос-Анджелес,Лос Анджелис,Los Angeles,Los Angeles
796,Coventry,Ковентры,Ковентрі,Ковентри,Ковънтри,Coventry,Coventry
797,Seattle,Сіэтл,Сіетл,Сиэтл,Сиатъл,"Seattle, Washington",Seattle
798,Grenada,Грэнада,Гренада,Гренада,Гренада,Grenada,Grenada
799,Hongkong,Ганконг,Гонконг,Гонконг,Хонконг,Hongkong,Hongkong
800,Kapsztad,Кейптаўн,Кейптаун,Кейптаун,Кейптаун,Cape Town,Kapské Město
801,Braszów,Брашоў,Брашов,Брашов,Брашов,Brașov,Brašov
803,Kioto,Кіёта,Кіото,Киото,Киото,Kjoto,Kjóto
805,Komory,Каморскія Астравы,Коморські Острови,Коморы,Коморски острови,Komori,Komory
806,Ulm,Ульм,Ульм,Ульм,Улм,Ulm,Ulm
807,Togo,Тога,Того,Того,Того,Togo,Togo
809,Nikita Chruszczow,Мікіта Сяргеевіч Хрушчоў,Хрущов Микита Сергійович,"Хрущёв, Никита Сергеевич",Никита Хрушчов,Nikita Hruščov,Nikita Sergejevič Chruščov
810,Wuhan,Ухань,Ухань,Ухань,Ухан,Vuhan,Wu-chan
811,Włodzimierz,Уладзімір,Владимир,Владимир,Владимир,"Vladimir, Rusija",Vladimir
812,Powstanie listopadowe,Паўстанне 1830—1831 гадоў,Листопадове повстання,Польское восстание,Полско въстание,Novembrska vstaja,Listopadové povstání
813,Kayseri,Кайсеры,Кайсері,Кайсери,Кайсери,Kayseri,Kayseri
815,Lagos,Лагас,Лагос,Лагос,Лагос,Lagos,Lagos
818,Saint John’s,Сент-Джонс,Сент-Джонс,Сент-Джонс,Сейнт Джонс,St. John's,Saint John's
819,Lew Trocki,Леў Давідавіч Троцкі,Троцький Лев Давидович,"Троцкий, Лев Давидович",Лев Троцки,Lev Trocki,Lev Davidovič Trockij
820,Saint-Pierre i Miquelon,Сен-П’ер і Мікелон,Сен-П'єр і Мікелон,Сен-Пьер и Микелон,Сен Пиер и Микелон,Saint Pierre in Miquelon,Saint Pierre a Miquelon
821,San Francisco,Сан-Францыска,Сан-Франциско,Сан-Франциско,Сан Франциско,San Francisco,San Francisco
822,Mikronezja,Федэратыўныя Штаты Мікранезіі,Федеративні Штати Мікронезії,Федеративные Штаты Микронезии,Микронезия,Federativne države Mikronezije,Federativní státy Mikronésie
823,Fidżi,Фіджы,Фіджі,Фиджи,Фиджи,Fidži,Fidži
824,Miasta w Turcji,Гарады Турцыі,Міста Туреччини,Список населённых пунктов Турции,Списък на градовете в Турция,Seznam mest v Turčiji,Seznam měst v Turecku
826,Izmir,Ізмір,Ізмір,Измир,Измир,İzmir,Smyrna
829,Dili,Дылі,Ділі,Дили,Дили,Dili,Dili
830,Houston,Х’юстан,Х'юстон,Хьюстон,Хюстън,"Houston, Teksas",Houston
834,Dodoma,Дадома,Додома,Додома,Додома,Dodoma,Dodoma
836,Bursa,Бурса,Бурса,Бурса,Бурса,Bursa,Bursa
837,Jarosław,Яраслаўль,Ярославль,Ярославль,Ярославъл,Jaroslavelj,Jaroslavl
839,Chicago,Чыкага,Чикаго,Чикаго,Чикаго,Chicago,Chicago
841,Szlisselburg,Шлісельбург,Шліссельбург,Шлиссельбург,Шлиселбург,Šlisselburg,Šlisselburg
843,Senegal,Сенегал,Сенегал,Сенегал,Сенегал,Senegal,Senegal
845,Keflavík,Кеблавік,Кеплавік,Кеблавик,Кеплавик,Keflavík,Keflavík
848,Miasta w Polsce,Гарады Польшчы,Міста Польщі,Города Польши,Списък на градовете в Полша,Seznam mest na Poljskem,Seznam měst v Polsku
849,Katowice,Катавіцы,Катовиці,Катовице,Катовице,Katovice,Katovice
851,Tours,Тур,Тур,Тур,Тур,Tours,Tours
852,Gdynia,Гдыня,Гдиня,Гдыня,Гдиня,Gdynia,Gdyně
854,Opole,Аполе,Ополе,Ополе,Ополе,Opole,Opolí
855,Olsztyn,Ольштын,Ольштин,Ольштын,Олщин,Olsztyn,Olsztyn
856,Linia Curzona,Лінія Керзана,Лінія Керзона,Линия Керзона,Линия „Кързън“,Curzonova linija,Curzonova linie
857,Isfahan,Ісфахан,Ісфаган,Исфахан,Исфахан,Isfahan,Isfahán
859,Wyspy Kokosowe,Какосавыя астравы,Кокосові острови,Кокосовые острова,Кокосови острови,Kokosovi otoki,Kokosové ostrovy
862,Lyon,Ліён,Ліон,Лион,Лион,Lyon,Lyon
863,Chamonix-Mont-Blanc,Шамані,Шамоні,Шамони-Мон-Блан,Шамони,Chamonix,Chamonix-Mont-Blanc
865,Adana,Адана,Адана,Адана,Адана,Adana,Adana
866,Gaziantep,Газіянтэп,Газіантеп,Газиантеп,Газиантеп,Gaziantep,Gaziantep
867,Konya,Конья,Конья,Конья,Кония,Konya,Konya
868,Reunion,Рэюньён,Реюньйон,Реюньон,Реюнион,Reunion,Réunion
869,Salt Lake City,Солт-Лэйк-Сіці,Солт-Лейк-Сіті,Солт-Лейк-Сити,Солт Лейк Сити,Salt Lake City,Salt Lake City
870,Galacja,Галатыя,Галатія,Галатия,Галатия,Galatija,Galacie
871,Język węgierski,Венгерская мова,Угорська мова,Венгерский язык,Унгарски език,Madžarščina,Maďarština
872,Durrës,Дурэс,Дуррес,Дуррес,Драч,Drač,Drač
874,Niemiecka Republika Demokratyczna,ГДР,Німецька Демократична Республіка,Германская Демократическая Республика,Германска демократична република,Nemška demokratična republika,Německá demokratická republika
876,Pernik,Пернік,Перник,Перник,Перник,Pernik,Pernik
877,Falklandy,Фалклендскія астравы,Фолклендські Острови,Фолклендские острова,Фолкландски острови,Falklandski otoki,Falklandy
878,Podole,Падолле,Поділля,Подолье,Подолие,Podolje,Podolí
879,Iwano-Frankiwsk,Івана-Франкоўск,Івано-Франківськ,Ивано-Франковск,Ивано-Франкивск,Ivano-Frankivsk,Ivano-Frankivsk
880,Władimir Wiernadski,Уладзімір Іванавіч Вярнадскі,Вернадський Володимир Іванович,"Вернадский, Владимир Иванович",Владимир Вернадски,Vladimir Ivanovič Vernadski,Vladimir Ivanovič Vernadskij
881,Addis Abeba,Адыс-Абеба,Аддис-Абеба,Аддис-Абеба,Адис Абеба,Adis Abeba,Addis Abeba
883,Gwinea Bissau,Гвінея-Бісау,Гвінея-Бісау,Гвинея-Бисау,Гвинея-Бисау,Gvineja Bissau,Guinea-Bissau
887,Wiktor Janukowycz,Віктар Фёдаравіч Януковіч,Янукович Віктор Федорович,"Янукович, Виктор Фёдорович",Виктор Янукович,Viktor Janukovič,Viktor Janukovyč
889,Ławra Peczerska,Кіева-Пячэрская лаўра,Києво-Печерська лавра,Киево-Печерская лавра,Киевско-Печорска лавра,Kijevsko-Pečerska lavra,Kyjevskopečerská lávra
890,Karaman,Караман,Караман,Караман,Караман,Karaman,Karaman
891,Edirne,Эдзірне,Едірне,Эдирне,Одрин,Odrin,Edirne
897,Mazar-i Szarif,Мазары-Шарыф,Мазарі-Шариф,Мазари-Шариф,Мазари Шариф,Mazar-e Šarif,Mazáre Šeríf
898,Nicea,Ніца,Ніцца,Ницца,Ница,Nica,Nice
900,Vicenza,Вінчэнца,Віченца,Виченца,Виченца,Vicenza,Vicenza
902,Tarsus,Тарсус,Тарс,Тарсус,Тарс,Tarz,Tarsus
904,Sana,Сана,Сана,Сана,Сана,Sana,San'á
905,Erzurum,Эрзурум,Ерзурум,Эрзурум,Ерзурум,Erzurum,Erzurum
906,Şanlıurfa,Шанлыурфа,Шанлиурфа,Шанлыурфа,Шанлъурфа,Şanlıurfa,Şanlıurfa
908,Denizli,Дэнізлі,Денізлі,Денизли,Денизли,Denizli,Denizli
909,Diyarbakır,Дыярбакыр,Діярбакир,Диярбакыр,Диарбекир,Diyarbakır,Diyarbakır
910,Antalya,Анталья,Анталія,Анталья,Анталия,Antalya,Antalya
915,Gandawa,Гент,Гент,Гент,Гент,Gent,Gent
916,Isengard,Ізенгард,Ісенґард,Изенгард,Исенгард,Ajzengart,Železný pas
917,Gondor,Гондар,Ґондор,Гондор,Гондор,Gondor,Gondor
919,Ługańsk,Луганск,Луганськ,Луганск,Луганск,Lugansk,Luhansk
920,Obwód chersoński,Херсонская вобласць,Херсонська область,Херсонская область,Херсонска област,Hersonska oblast,Chersonská oblast
921,Chersoń,Херсон,Херсон,Херсон,Херсон,"Herson, Ukrajina",Cherson
923,Mérida,Мерыда,Мерида,Мерида,Мерида,"Mérida, Venezuela",Mérida
924,Adelaide,Адэлаіда,Аделаїда,Аделаида,Аделейд,Adelaide,Adelaide
929,Oksford,Оксфард,Оксфорд,Оксфорд,Оксфорд,Oxford,Oxford
931,Królestwo Anglii,Каралеўства Англія,Королівство Англія,Королевство Англия,Кралство Англия,Kraljevina Anglija,Anglické království
933,Glasgow,Глазга,Глазго,Глазго,Глазгоу,Glasgow,Glasgow
934,Mannheim,Мангейм,Мангайм,Мангейм,Манхайм,Mannheim,Mannheim
935,Tonga,Тонга,Тонга,Тонга,Тонга,Tonga,Tonga
936,Al-Ujun,Эль-Аюн,Ель-Аюн,Эль-Аюн,Аюн,Laayoune,Al-´Ajún
937,Gujana Francuska,Французская Гвіяна,Французька Гвіана,Гвиана,Френска Гвиана,Francoska Gvajana,Francouzská Guyana
938,Mońki,Монькі,Моньки,Моньки,Монки,Mońki,Mońki
940,Seszele,Сейшэльскія Астравы,Сейшельські Острови,Сейшельские Острова,Сейшели,Sejšeli,Seychely
941,Cuzco,Куска,Куско,Куско,Куско,Cusco,Cuzco
943,Borgarnes,Боргарнес,Боргарнес,Боргарнес,Боргарнес,Borgarnes,Borgarnes
944,Las Vegas,Лас-Вегас,Лас-Вегас,Лас-Вегас,Лас Вегас,Las Vegas,Las Vegas
947,Pretoria,Прэторыя,Преторія,Претория,Претория,Pretorija,Pretorie
948,Bloemfontein,Блумфантэйн,Блумфонтейн,Блумфонтейн,Блумфонтейн,Bloemfontein,Bloemfontein
949,Santa Cruz de Tenerife,Санта-Крус-дэ-Тэнэрыфэ,Санта-Крус-де-Тенерифе,Санта-Крус-де-Тенерифе,Санта Крус де Тенерифе,Santa Cruz de Tenerife,Santa Cruz de Tenerife
950,Antyle Holenderskie,Нідэрландскія Антыльскія астравы,Нідерландські Антильські острови,Нидерландские Антильские острова,Нидерландски Антили,Nizozemski Antili,Nizozemské Antily
951,Bermudy,Бермудскія астравы,Бермудські Острови,Бермудские Острова,Бермудски острови,Bermudi,Bermudy
952,Jamusukro,Ямусукра,Ямусукро,Ямусукро,Ямусукро,Yamoussoukro,Yamoussoukro
957,Bonn,Бон,Бонн,Бонн,Бон,Bonn,Bonn
960,Frankfurt nad Odrą,Франкфурт-на-Одэры,Франкфурт-на-Одері,Франкфурт-на-Одере,Франкфурт на Одер,Frankfurt ob Odri,Frankfurt nad Odrou
961,Moguncja,Майнц,Майнц,Майнц,Майнц,Mainz,Mohuč
962,Wiesbaden,Вісбадэн,Вісбаден,Висбаден,Висбаден,Wiesbaden,Wiesbaden
963,Erfurt,Эрфурт,Ерфурт,Эрфурт,Ерфурт,Erfurt,Erfurt
964,Osnabrück,Оснабрук,Оснабрюк,Оснабрюк,Оснабрюк,Osnabrück,Osnabrück
965,Koblencja,Кобленц,Кобленц,Кобленц,Кобленц,Koblenz,Koblenz
966,Marburg,Марбург,Марбург,Марбург,Марбург,Marburg,Marburg
967,Magdeburg,Магдэбург,Магдебург,Магдебург,Магдебург,Magdeburg,Magdeburg
969,Brno,Брно,Брно,Брно,Бърно,Brno,Brno
970,Tabor,Табар,Табор,Табор,Табор,Tábor,Tábor
971,Poczdam,Патсдам,Потсдам,Потсдам,Потсдам,Potsdam,Postupim
972,Wetzlar,Вецлар,Вецлар,Вецлар,Вецлар,Wetzlar,Wetzlar
973,Bazylea,Базель,Базель,Базель,Базел,Basel,Basilej
974,Rostock,Ростак,Росток,Росток,Росток,Rostock,Rostock
976,Rohan,Рохан,Роган,Рохан,Рохан,Rohan,Rohan
978,Stara Ładoga,Старая Ладага,Стара Ладога,Старая Ладога,Стара Ладога,Stara Ladoga,Staraja Ladoga
980,São Tomé,Сан-Тамэ,Сан-Томе,Сан-Томе,Сао Томе,São Tomé,São Tomé
983,Perugia,Перуджа,Перуджа,Перуджа,Перуджа,Perugia,Perugia
985,Anguilla,Ангілья,Ангілья,Ангилья,Ангила,Angvila,Anguilla
986,Hiroszima,Хірасіма,Хіросіма,Хиросима,Хирошима,Hirošima,Hirošima
987,Arusza,Аруша,Аруша,Аруша,Аруша,Aruša,Arusha
989,Chichén Itzá,Чычэн-Іца,Чичен-Іца,Чичен-Ица,Чичен Ица,Chichen Itza,Chichén Itzá
990,Kercz,Керч,Керч,Керчь,Керч,Kerč,Kerč
991,Wieluń,Велюнь,Велюнь,Велюнь,Велюн,Wieluń,Wieluń
992,Gorzów Wielkopolski,Гожаў Велькапольскі,Ґожув-Велькопольський,Гожув-Велькопольски,Гожов Велкополски,Gorzów Wielkopolski,Gorzów Wielkopolski
994,Al-Bajda,Аль-Байда,Ель-Бейда,Эль-Байда,Ал Байда,Al Bajda,Bajdá
995,Makau,Макаа,Макао,Макао,Макао,Macau,Macao
996,Toledo,Таледа,Толедо,Толедо,Толедо,Toledo,Toledo
997,Giza,Гіза,Гіза,Эль-Гиза,Гиза,Giza,Gíza
998,Luksor,Луксор,Луксор,Луксор,Луксор,Luksor,Luxor
999,Malmö,Мальмё,Мальме,Мальмё,Малмьо,Malmö,Malmö
1000,Fez,Фес,Фес,Фес,Фес,"Fes, Maroko",Fes
1001,Tenochtitlán,Тэначтытлан,Теночтітлан,Теночтитлан,Теночтитлан,Tenochtitlan,Tenochtitlán
1002,Osz,Ош,Ош,Ош,Ош,Oš,Oš
1003,Szawle,Шаўляй,Шяуляй,Шяуляй,Шауляй,Šiauliai,Šiauliai
1004,Columbus,Калумбус,Колумбус,Колумбус,Кълъмбъс,"Columbus, Ohio",Columbus
1006,Marsala,Марсала,Марсала,Марсала,Марсала,Marsala,Marsala
1007,Paro,Паро,Паро,Паро,Паро,"Paro, Butan",Paro
1008,Riazań,Разань,Рязань,Рязань,Рязан,Rjazan,Rjazaň
1011,Kasimow,Касімаў,Касимов,Касимов,Касимов,Kasimov,Kasimov
1012,Haapsalu,Хаапсалу,Хаапсалу,Хаапсалу,Хаапсалу,Haapsalu,Haapsalu
1015,Tatarzy krymscy,Крымскія татары,Кримські татари,Крымские татары,Кримски татари,Krimski Tatari,Krymští Tataři
1016,Brugia,Бругэ,Брюгге,Брюгге,Брюге,Brugge,Bruggy
1017,Honiara,Ханіяра,Хоніара,Хониара,Хониара,Honiara,Honiara
1018,Stavanger,Ставангер,Ставангер,Ставангер,Ставангер,Stavanger,Stavanger
1019,Georgetown,Джорджтаўн,Джорджтаун,Джорджтаун,Джорджтаун,"Georgetown, Gvajana",Georgetown
1020,Kaługa,Калуга,Калуга,Калуга,Калуга,Kaluga,Kaluga
1021,Vadsø,Вадсё,Вадсьо,Вадсё,Вадсьо,Vadsø,Vadsø
1022,Obninsk,Обнінск,Обнінськ,Обнинск,Обнинск,Obninsk,Obninsk
1024,La Défense,Дэфанс,Дефанс,Дефанс,Дефанс,La Défense,La Défense
1025,Chartres,Шартр,Шартр,Шартр,Шартър,Chartres,Chartres
1026,Walencja,Валенсія,Валенсія,Валенсия,Валенсия,Valencija,Valencie
1027,Tuluza,Тулуза,Тулуза,Тулуза,Тулуза,Toulouse,Toulouse
1028,Zatoka Biskajska,Біскайскі заліў,Біскайська затока,Бискайский залив,Бискайски залив,Biskajski zaliv,Biskajský záliv
1029,Zatoka Neapolitańska,Неапалітанскі заліў,Неаполітанська затока,Неаполитанский залив,Неаполски залив,Neapeljski zaliv,Neapolský záliv
1030,Hobart,Хобарт,Гобарт,Хобарт,Хобарт,Hobart,Hobart
1031,Darwin,Дарвін,Дарвін,Дарвин,Дарвин,Darwin,Darwin
1034,Sewilla,Севілья,Севілья,Севилья,Севиля,Sevilja,Sevilla
1038,Turks i Caicos,Цёркс і Кайкас,Острови Теркс і Кайкос,Теркс и Кайкос,Търкс и Кайкос,Otoki Turks in Caicos,Turks a Caicos
1039,Montpellier,Манпелье,Монпельє,Монпелье,Монпелие,Montpellier,Montpellier
1040,Giumri,Гюмры,Ґюмрі,Гюмри,Гюмри,Gjumri,Gjumri
1042,Ugarit,Угарыт,Угарит,Угарит,Угарит,Ugarit,Ugarit
1043,Cork,Корк,Корк,Корк,Корк,Cork,Cork
1045,Mariany Północne,Паўночныя Марыянскія астравы,Північні Маріанські Острови,Северные Марианские Острова,Северни Мариански острови,Severni Marijanski otoki,Severní Mariany
1046,Siena,Сіена,Сієна,Сиена,Сиена,Siena,Siena
1047,Padwa,Падуя,Падуя,Падуя,Падуа,Padova,Padova
1048,Werona,Верона,Верона,Верона,Верона,Verona,Verona
1049,Asyż,Асізі,Ассізі,Ассизи,Асизи,Assisi,Assisi
1051,Triest,Трыест,Трієст,Триест,Триест,Trst,Terst
1056,Rouen,Руан,Руан,Руан,Руан,Rouen,Rouen
1057,Edmonton,Эдмантан,Едмонтон,Эдмонтон,Едмънтън,Edmonton,Edmonton
1058,Łeonid Kuczma,Леанід Данілавіч Кучма,Кучма Леонід Данилович,"Кучма, Леонид Данилович",Леонид Кучма,Leonid Kučma,Leonid Kučma
1059,Managua,Манагуа,Манагуа,Манагуа,Манагуа,Managua,Managua
1060,Lhasa,Лхаса,Лхаса,Лхаса,Лхаса,Lasa,Lhasa
1063,Szetlandy Południowe,Паўднёвыя Шэтландскія астравы,Південні Шетландські острови,Южные Шетландские острова,Южни Шетландски острови,Južni Shetlandski otoki,Jižní Shetlandy
1064,Medyna,Медына,Медина,Медина,Медина,Medina,Medína
1065,Cannes,Каны,Канни,Канны,Кан,Cannes,Cannes
1066,Tulon,Тулон,Тулон,Тулон,Тулон,Toulon,Toulon
1067,Akwizgran,Ахен,Аахен,Ахен,Аахен,Aachen,Cáchy
1068,Lillehammer,Лілехамер,Ліллегаммер,Лиллехаммер,Лилехамер,Lillehammer,Lillehammer
1069,Steinkjer,Стэйнх’ер,Стейнг'єр,Стейнхьер,Стайнхер,Steinkjer,Steinkjer
1070,Leikanger,Лейкангер,Лейканґер,Лейкангер,Лейкангер,Leikanger,Leikanger
1071,Arendal,Арэндал,Арендал,Арендал,Арендал,Arendal,Arendal
1072,Karlskrona,Карльскруна,Карлскруна,Карлскруна,Карлскруна,Karlskrona,Karlskrona
1073,Ngerulmud,Нгерулмуд,Нгерулмуд,Нгерулмуд,Нгерулмуд,Ngerulmud,Ngerulmud
1074,Bodø,Будзё,Буде,Будё,Будьо,Bodø,Bodø
1075,Drammen,Драмен,Драммен,Драммен,Драмен,Drammen,Drammen
1076,Kristiansand,Крысціянсан,Крістіансанн,Кристиансанн,Кристиансан,Kristiansand,Kristiansand
1077,Molde,Моле,Молде,Молде,Молде,Molde,Molde
1078,Skien,Шыен,Шієн,Шиен,Шиен,Skien,Skien
1081,Falun,Фалун,Фалун,Фалун,Фалун,Falun,Falun
1082,Knossos,Кнос,Кносс,Кносс,Кносос,Knosos,Knóssos
1083,Ramallah,Рамала,Рамалла,Рамалла,Рамала,Ramala,Rámaláh
1085,Mykeny,Мікены,Мікени,Микены,Микена,Mikene,Mykény
1086,Ratyzbona,Рэгенсбург,Регенсбург,Регенсбург,Регенсбург,Regensburg,Řezno
1089,Korynt,Карынф,Коринф,Коринф,Коринт,Korint,Korint
1090,Gozo,Гоца,Гоцо,Гоцо,Гозо,Gozo,Gozo
1092,Samotna Góra,Эрэбар,Еребор,Эребор,Самотна планина,Erebor,Osamělá hora
1094,Wuppertal,Вуперталь,Вупперталь,Вупперталь,Вупертал,Wuppertal,Wuppertal
1095,Trewir,Трыр,Трір,Трир,Трир,Trier,Trevír
1096,Pireus,Пірэй,Пірей,Пирей,Пирея,Pirej,Pireus
1097,Nagoja,Нагоя,Нагоя,Нагоя,Нагоя,Nagoja,Nagoja
1098,Boston,Бостан,Бостон,Бостон,Бостън,"Boston, Massachusetts",Boston
1099,Juneau,Джуна,Джуно,Джуно,Джуно,Juneau,Juneau
1100,Phoenix,Фінікс,Фінікс,Финикс,Финикс,"Phoenix, Arizona",Phoenix
1101,Denver,Дэнвер,Денвер,Денвер,Денвър,"Denver, Kolorado",Denver
1102,Richmond,Рычманд,Ричмонд,Ричмонд,Ричмънд,"Richmond, Virginija",Richmond
1104,Brunszwik,Браўншвайг,Брауншвейг,Брауншвейг,Брауншвайг,Braunschweig,Braunschweig
1105,Getynga,Гётынген,Геттінген,Гёттинген,Гьотинген,Göttingen,Göttingen
1107,Osasco,Азаску,Озаску,Озаску,Озаско,"Osasco, São Paulo",Osasco
1108,Oviedo,Аўеда,Ов'єдо,Овьедо,Овиедо,Oviedo,Oviedo
1110,Machu Picchu,Мачу-Пікчу,Мачу-Пікчу,Мачу-Пикчу,Мачу Пикчу,Machu Picchu,Machu Picchu
1111,Petra,Петра,Петра,Петра,Петра,Petra,Petra
1112,Pitcairn,Астравы Піткэрн,Піткерн,Острова Питкэрн,Питкерн,Pitcairnovi otoki,Pitcairnovy ostrovy
1113,Brytyjskie Terytorium Oceanu Indyjskiego,Брытанская тэрыторыя ў Індыйскім акіяне,Британська Територія в Індійському Океані,Британская Территория в Индийском Океане,Британска индоокеанска територия,Britansko ozemlje v Indijskem oceanu,Britské indickooceánské území
1116,Pampeluna,Памплона,Памплона,Памплона,Памплона,Pamplona,Pamplona
1124,Sziraz,Шыраз,Шираз,Шираз,Шираз,Širaz,Šíráz
1125,Liège,Льеж,Льєж,Льеж,Лиеж,Liège,Lutych
1126,Lozanna,Лазана,Лозанна,Лозанна,Лозана,Lozana,Lausanne
1127,Zug,Цуг,Цуг,Цуг,Цуг,Zug,Zug
1128,Aarau,Аарау,Аарау,Арау,Аарау,Aarau,Aarau
1129,Fryburg,Фрыбур,Фрібур,Фрибур,Фрибур,Fribourg,Fribourg
1130,Frauenfeld,Фраўэнфельд,Фрауенфельд,Фрауэнфельд,Фрауенфелд,Frauenfeld,Frauenfeld
1131,Brytyjskie Wyspy Dziewicze,Брытанскія Віргінскія астравы,Британські Віргінські Острови,Виргинские Острова,Британски Вирджински острови,Britanski Deviški otoki,Britské Panenské ostrovy
1132,Georgia Południowa i Sandwich Południowy,Паўднёвая Георгія і Паўднёвыя Сандвічавы астравы,Південна Джорджія і Південні Сандвічеві Острови,Южная Георгия и Южные Сандвичевы Острова,Южна Джорджия и Южни Сандвичеви острови,Južna Georgija in Južni Sandwichevi otoki,Jižní Georgie a Jižní Sandwichovy ostrovy
1134,Glarus,Гларус,Гларус,Гларус,Гларус,Glarus,Glarus
1135,Chur,Кур,Кур,Кур,Кур,Chur,Chur
1136,Stans,Штанс,Штанс,Штанс,Щанс,Stans,Stans
1137,Jassy,Ясы,Ясси,Яссы,Яш,Iași,Jasy
1138,Bellinzona,Белінцона,Беллінцона,Беллинцона,Белинцона,Bellinzona,Bellinzona
1139,Wormacja,Вормс,Вормс,Вормс,Вормс,Worms,Worms
1140,Susa,Сус,Сус,Сус,Сус,Sousse,Súsa
1143,Majuro,Маджура,Маджуро,Маджуро,Маджуро,Majuro,Majuro
1145,Wyspy Marshalla,Маршалавы Астравы,Маршаллові Острови,Маршалловы Острова,Маршалови острови,Marshallovi otoki,Marshallovy ostrovy
1147,Wyspy Salomona,Саламонавы Астравы,Соломонові Острови,Соломоновы Острова,Соломонови острови,Salomonovi otoki,Šalomounovy ostrovy
1148,Hryhorij Skoworoda,Рыгор Савіч Скаварада,Сковорода Григорій Савич,"Сковорода, Григорий Саввич",Григорий Сковорода,Grigorij Savič Skovoroda,Hryhorij Skovoroda
1151,Katania,Катанія,Катанія,Катания,Катания,Catania,Katánie
1152,Bukowina,Букавіна,Буковина,Буковина,Буковина,Bukovina,Bukovina
1153,Grenoble,Грэнобль,Гренобль,Гренобль,Гренобъл,Grenoble,Grenoble
1154,Espoo,Эспа,Еспоо,Эспоо,Еспоо,Espoo,Espoo
1157,Bydgoszcz,Быдгашч,Бидгощ,Быдгощ,Бидгошч,Bydgoszcz,Bydhošť
1158,Efez,Эфес,Ефес,Эфес,Ефес,Efez,Efez
1159,Uruk,Урук,Урук,Урук,Урук,Uruk,Uruk
1160,Ur,Ур,Ур,Ур,Ур,Ur,Ur
1161,Pittsburgh,Пітсбург,Піттсбург,Питтсбург,Питсбърг,Pittsburgh,Pittsburgh
1162,Lagasz,Лагаш,Лагаш,Лагаш,Лагаш,Lagaš,Lagaš
1164,Concepción,Кансепсьён,Консепсьйон,Консепсьон,Консепсион,Concepción,Concepción
1165,Limoges,Лімож,Лімож,Лимож,Лимож,Limoges,Limoges
1166,Milet,Мілет,Мілет,Милет,Милет,Milet,Milét
1167,Państwo Inków,Імперыя Інкаў,Інки,Империя инков,Империя на инките,Inkovski imperij,Incká říše
1169,Saint Louis,Сент-Луіс,Сент-Луїс,Сент-Луис,Сейнт Луис,St. Louis,St. Louis
1173,Królestwo Węgier,Каралеўства Венгрыя,Угорське королівство,Королевство Венгрия,Кралство Унгария,Ogrska,Uhersko
1174,Podolsk,Падольск,Подольськ,Подольск,Подолск,Podolsk,Podolsk
1176,Racibórz,Рацібуж,Ратибор,Рацибуж,Рачибуж,Racibórz,Ratiboř
1178,Bardejów,Бардзеёў,Бардіїв,Бардеёв,Бардейов,Bardejov,Bardejov
1179,Poprad,Попрад,Попрад,Попрад,Попрад,Poprad,Poprad
1183,Koszyce,Кошыцы,Кошиці,Кошице,Кошице,Košice,Košice
1184,Trnawa,Трнава,Трнава,Трнава,Търнава,Trnava,Trnava
1186,Bengazi,Бенгазі,Бенгазі,Бенгази,Бенгази,Bengazi,Benghází
1190,Czarnobylska Elektrownia Jądrowa,Чарнобыльская АЭС,Чорнобильська атомна електростанція,Чернобыльская АЭС,АЕЦ Чернобил,Jedrska elektrarna Černobil,Černobylská jaderná elektrárna
1193,Czarnobyl,Чарнобыль,Чорнобиль,Чернобыль,Чернобил,Černobil,Černobyl
1195,Lille,Ліль,Лілль,Лилль,Лил,Lille,Lille
1196,Innsbruck,Інсбрук,Інсбрук,Инсбрук,Инсбрук,Innsbruck,Innsbruck
1197,Garmisch-Partenkirchen,Гарміш-Партэнкірхен,Гарміш-Партенкірхен,Гармиш-Партенкирхен,Гармиш-Партенкирхен,Garmisch-Partenkirchen,Garmisch-Partenkirchen
1198,Spira,Шпаер,Шпаєр,Шпайер,Шпайер,Speyer,Špýr
1199,Metz,Мец,Мец,Мец,Мец,Metz,Mety
1202,Indianapolis,Індыянапаліс,Індіанаполіс,Индианаполис,Индианаполис,Indianapolis,Indianapolis
1203,Sendai,Сэндай,Сендай,Сендай,Сендай,"Sendai, Mijagi",Sendai
1204,Elektorat Saksonii,Курфюрства Саксонія,Курфюрство Саксонія,Саксония,Курфюрство Саксония,Saška,Saské kurfiřtství
1205,Bourges,Бурж,Бурж,Бурж,Бурж,Bourges,Bourges
1206,Murcja,Мурсія,Мурсія,Мурсия,Мурсия,Murcia,Murcia
1208,Valladolid,Вальядалід,Вальядолід,Вальядолид,Валядолид,Valladolid,Valladolid
1209,Wanadzor,Ванадзор,Ванадзор,Ванадзор,Ванадзор,Vanadzor,Vanadzor
1210,Nancy,Нансі,Нансі,Нанси,Нанси,Nancy,Nancy
1211,Herat,Герат,Герат,Герат,Херат,Herat,Herát
1213,Gandża,Гянджа,Гянджа,Гянджа,Ганджа,Gandža,Gjandža
1214,Eisenstadt,Айзенштат,Айзенштадт,Айзенштадт,Айзенщат,"Železno, Avstrija",Eisenstadt
1216,Split,Спліт,Спліт,Сплит,Сплит,Split,Split
1217,Hanga Roa,Ханга-Роа,Ханга-Роа,Анга-Роа,Ханга Роа,Hanga Roa,Hanga Roa
1221,Lejda,Лейдэн,Лейден,Лейден,Лайден,Leiden,Leiden
1224,Lewocza,Левача,Левоча,Левоча,Левоча,Levoča,Levoča
1225,Winchester,Уінчэстэр,Вінчестер,Уинчестер,Уинчестър,"Winchester, Anglija",Winchester
1227,Góry Krymskie,Крымскія горы,Кримські гори,Крымские горы,Кримски планини,Krimsko gorovje,Krymské hory
1228,Teodozja,Феадосія,Феодосія,Феодосия,Феодосия,Feodozija,Feodosija
1231,Bolzano,Бальцана,Больцано,Больцано,Болцано,Bolzano,Bolzano
1236,Gori,Горы,Горі,Гори,Гори,Gori,Gori
1237,Batumi,Батумі,Батумі,Батуми,Батуми,Batumi,Batumi
1238,Oriechowo-Zujewo,Арэхава-Зуева,Орєхово-Зуєво,Орехово-Зуево,Орехово-Зуево,Orehovo-Zujevo,Orechovo-Zujevo
1240,Santiago de Compostela,Сант’яга-дэ-Кампастэла,Сантьяго-де-Компостела,Сантьяго-де-Компостела,Сантяго де Компостела,Santiago de Compostela,Santiago de Compostela
1242,Strumica,Струміца,Струмиця,Струмица,Струмица,Strumica,Strumica
1244,Orlean,Арлеан,Орлеан,Орлеан,Орлеан,Orléans,Orléans
1258,Newcastle upon Tyne,Ньюкасл-эпон-Тайн,Ньюкасл-апон-Тайн,Ньюкасл-апон-Тайн,Нюкасъл ъпон Тайн,Newcastle upon Tyne,Newcastle upon Tyne
1260,Sudan Południowy,Паўднёвы Судан,Південний Судан,Южный Судан,Южен Судан,Južni Sudan,Jižní Súdán
1261,Dżuba,Джуба,Джуба,Джуба,Джуба,Džuba,Džuba
1262,Austin,Остын,Остін,Остин,Остин,"Austin, Teksas",Austin
1263,Montgomery,Мантгомеры,Монтгомері,Монтгомери,Монтгомъри,"Montgomery, Alabama",Montgomery
1265,Oklahoma City,Аклахома-Сіці,Оклахома-Сіті,Оклахома-Сити,Оклахома Сити,"Oklahoma City, Oklahoma",Oklahoma City
1266,Honolulu,Ганалулу,Гонолулу,Гонолулу,Хонолулу,"Honolulu, Havaji",Honolulu
1267,Nestor Machno,Нестар Іванавіч Махно,Махно Нестор Іванович,"Махно, Нестор Иванович",Нестор Махно,Nestor Ivanovič Mahno,Nestor Machno
1270,Parma,Парма,Парма,Парма,Парма,Parma,Parma
1271,Bolonia,Балоння,Болонья,Болонья,Болоня,Bologna,Bologna
1272,Birmingham,Бірмінгем,Бірмінгем,Бирмингем,Бирмингам,Birmingham,Birmingham
1273,Połtawa,Палтава,Полтава,Полтава,Полтава,Poltava,Poltava
1276,Nantes,Нант,Нант,Нант,Нант,Nantes,Nantes
1277,Kilonia,Кіль,Кіль,Киль,Кийл,Kiel,Kiel
1278,Naumburg,Наўмбург,Наумбург,Наумбург,Наумбург,Naumburg,Naumburg
1280,Münster,Мюнстэр,Мюнстер,Мюнстер,Мюнстер,Münster,Münster
1281,Augsburg,Аўгсбург,Аугсбург,Аугсбург,Аугсбург,Augsburg,Augsburg
1282,Paderborn,Падэрборн,Падерборн,Падерборн,Падерборн,Paderborn,Paderborn
1283,Aszkelon,Ашкелон,Ашкелон,Ашкелон,Ашкелон,Aškelon,Aškelon
1284,Abadan,Абадан,Абадан,Абадан,Абадан,Abadan,Ábádán
1285,Mandalaj,Мандалай,Мандалай,Мандалай,Мандалей,Mandalaj,Mandalaj
1286,Mantua,Мантуя,Мантуя,Мантуя,Мантуа,Mantova,Mantova
1287,Kordoba,Кордава,Кордова,Кордова,Кордоба,Kordova,Córdoba
1290,Bengaluru,Бангалор,Бенгалуру,Бангалор,Бенгалуру,Bangalore,Bengalúr
1291,Ahmadabad,Ахмедабад,Ахмадабад,Ахмадабад,Ахмедабад,Ahmedabad,Ahmadábád
1292,Bergamo,Бергама,Бергамо,Бергамо,Бергамо,Bergamo,Bergamo
1293,Brescia,Брэшыя,Брешія,Брешиа,Бреша,Brescia,Brescia
1296,Limerick,Лімерык,Лімерик,Лимерик,Лимерик,Limerick,Limerick
1298,Konstancja,Констанц,Констанц,Констанц,Констанц,Konstanca,Kostnice
1299,Uxmal,Ушмаль,Ушмаль,Ушмаль,Ушмал,Uxmal,Uxmal
1300,Mendoza,Мендоса,Мендоса,Мендоса,Мендоса,Mendoza,Mendoza
1301,Chociebuż,Котбус,Котбус,Котбус,Котбус,Cottbus,Chotěbuz
1302,Besançon,Безансон,Безансон,Безансон,Безансон,Besançon,Besançon
1303,Hawr,Гаўр,Гавр,Гавр,Хавър,Le Havre,Le Havre
1304,Cherbourg-Octeville,Шэрбур-Актэвіль,Шербур-Октевіль,Шербур-Октевиль,Шербур-Октевил,Cherbourg-Octeville,Cherbourg-Octeville
1306,Malaga,Малага,Малага,Малага,Малага,Málaga,Málaga
1307,Alicante,Алікантэ,Аліканте,Аликанте,Аликанте,Alicante,Alicante
1308,Leeds,Лідс,Лідс,Лидс,Лийдс,Leeds,Leeds
1309,Arles,Арль,Арль,Арль,Арл,Arles,Arles
1310,Grasse,Грас,Грасс,Грас,Грас,Grasse,Grasse
1311,Dijon,Дыжон,Діжон,Дижон,Дижон,Dijon,Dijon
1312,Awinion,Авіньён,Авіньйон,Авиньон,Авиньон,Avignon,Avignon
1313,York,Ёрк,Йорк,Йорк,Йорк,York,York
1314,Dallas,Далас,Даллас,Даллас,Далас,"Dallas, Teksas",Dallas
1315,Pecz,Печ,Печ,Печ,Печ,Pécs,Pécs
1316,Eger,Эгер,Егер,Эгер,Егер,Eger,Eger
1317,Wołodymyr Kłyczko,Уладзімір Уладзіміравіч Клічко,Кличко Володимир Володимирович,"Кличко, Владимир Владимирович",Владимир Кличко,Vladimir Kličko,Vladimir Kličko
1319,Modena,Модэна,Модена,Модена,Модена,Modena,Modena
1321,Tarent,Таранта,Таранто,Таранто,Таранто,Taranto,Taranto
1322,Ferrara,Ферара,Феррара,Феррара,Ферара,Ferrara,Ferrara
1323,Dżudda,Джыда,Джидда,Джидда,Джида,Džeda,Džidda
1326,Klaksvík,Клаксвуйк,Клаксвік,Клаксвуйк,Клаксвуйк,Klaksvík,Klaksvík
1327,Bamberg,Бамберг,Бамберг,Бамберг,Бамберг,Bamberg,Bamberk
1330,Poitiers,Пуацье,Пуатьє,Пуатье,Поатие,Poitiers,Poitiers
1331,Fort Worth,Форт-Уэрт,Форт-Верт,Форт-Уэрт,Форт Уърт,"Fort Worth, Teksas",Fort Worth
1333,Pilzno,Пльзень,Пльзень,Пльзень,Пилзен,Plzen,Plzeň
1334,Vichy,Вішы,Віші,Виши,Виши,Vichy,Vichy
1335,Burgas,Бургас,Бургас,Бургас,Бургас,Burgas,Burgas
1336,Dover,Дуўр,Дувр,Дувр,Дувър,Dover,Dover
1337,Struga,Струга,Струга,Струга,Струга,"Struga, Severna Makedonija",Struga
1338,Annecy,Ансі,Аннесі,Анси,Анси,Annecy,Annecy
1341,Państwo Kuszanów,Кушанскае царства,Кушанське царство,Кушанское царство,Кушанска империя,Kušansko cesarstvo,Kušánská říše
1342,Królestwo Greko-Baktryjskie,Грэка-Бактрыйскае царства,Греко-Бактрійське царство,Греко-Бактрийское царство,Гръко-бактрийско царство,Grško-baktrijsko kraljestvo,Řecko-baktrijské království
1344,Bregencja,Брэгенц,Брегенц,Брегенц,Брегенц,Bregenz,Bregenz
1369,Bari,Бары,Барі,Бари,Бари,Bari,Bari
1370,Cagliari,Кальяры,Кальярі,Кальяри,Каляри,Cagliari,Cagliari
1371,Minneapolis,Мінеапаліс,Міннеаполіс,Миннеаполис,Минеаполис,"Minneapolis, Minnesota",Minneapolis
1377,Lista państw świata według powierzchni,Спіс краін паводле плошчы,Список країн за площею,Список государств и зависимых территорий по площади,Списък на страните по площ,Seznam držav in zunanjih ozemelj po površini,Seznam států světa podle rozlohy
1378,Kutaisi,Кутаісі,Кутаїсі,Кутаиси,Кутаиси,Kutaisi,Kutaisi
1379,Mccheta,Мцхета,Мцхета,Мцхета,Мцхета,Mcheta,Mccheta
1381,Zugdidi,Зугдыды,Зугдіді,Зугдиди,Зугдиди,Zugdidi,Zugdidi
1383,Cambridge,Кембрыдж,Кембридж,Кембридж,Кеймбридж,"Cambridge, Massachusetts",Cambridge
1386,Saint-Lô,Сен-Ло,Сен-Ло,Сен-Ло,Сен Ло,Saint-Lô,Saint-Lô
1387,Nankin,Нанкін,Нанкін,Нанкин,Нанкин,Nandžing,Nanking
1388,Amiens,Ам’ен,Ам'єн,Амьен,Амиен,Amiens,Amiens
1390,Eu,Э,Е,Э,Йо,"Eu, Seine-Maritime",Eu
1391,Melun,Мелён,Мелен,Мелён,Мелюн,Melun,Melun
1392,Miasta we Francji,Гарады Францыі,Міста Франції,Города Франции,Списък на градовете във Франция,Seznam občin Francije,Seznam obcí ve Francii
1393,Verdun,Вердэн,Верден,Верден,Вердюн,"Verdun, Meuse",Verdun
1394,Biarritz,Біярыц,Біарриц,Биарриц,Биариц,Biarritz,Biarritz
1395,Stargard,Старгард,Старгард,Старгард,Старгард,Stargard,Stargard
1396,Székesfehérvár,Секешфехервар,Секешфегервар,Секешфехервар,Секешфехервар,Székesfehérvár,Székesfehérvár
1398,Angers,Анжэ,Анже,Анже,Анже,Angers,Angers
1400,Nîmes,Нім,Нім,Ним,Ним,Nîmes,Nîmes
1401,Dunkierka,Дзюнкерк,Дюнкерк,Дюнкерк,Дюнкерк,Dunkerque,Dunkerk
1402,Clermont-Ferrand,Клермон-Феран,Клермон-Ферран,Клермон-Ферран,Клермон-Феран,Clermont-Ferrand,Clermont-Ferrand
1403,Miluza,Мюлуз,Мюлуз,Мюлуз,Мюлуз,Mulhouse,Mylhúzy
1405,Belfort,Бельфор,Бельфор,Бельфор,Белфор,Belfort,Belfort
1406,Rennes,Рэн,Ренн,Рен,Рен,Rennes,Rennes
1407,Blois,Блуа,Блуа,Блуа,Блоа,Blois,Blois
1408,Perpignan,Перпіньян,Перпіньян,Перпиньян,Перпинян,Perpignan,Perpignan
1409,Grenada,Гранада,Гранада,Гранада,Гранада,Granada,Granada
1410,Milwaukee,Мілуокі,Мілвокі,Милуоки,Милуоки,"Milwaukee, Wisconsin",Milwaukee
1411,Caen,Кан,Кан,Кан,Кан,Caen,Caen
1414,Saumur,Самюр,Сомюр,Сомюр,Сомюр,Saumur,Saumur
1415,Wels,Вельс,Вельс,Вельс,Велс,Wels,Wels
1416,Kassel,Касель,Кассель,Кассель,Касел,Kassel,Kassel
1417,Sliwen,Слівен,Сливен,Сливен,Сливен,Sliven,Sliven
1419,Rimini,Рыміні,Ріміні,Римини,Римини,Rimini,Rimini
1420,Piacenza,П’ячэнца,П'яченца,Пьяченца,Пиаченца,Piacenza,Piacenza
1423,Villach,Філах,Філлах,Филлах,Филах,Beljak,Villach
1424,St. Pölten,Санкт-Пёльтэн,Санкт-Пельтен,Санкт-Пёльтен,Санкт Пьолтен,St. Pölten,Sankt Pölten
1425,Dornbirn,Дорнбірн,Дорнбірн,Дорнбирн,Дорнбирн,Dornbirn,Dornbirn
1426,Osijek,Осіек,Осієк,Осиек,Осиек,Osijek,Osijek
1427,Betlejem,Віфлеем,Вифлеєм,Вифлеем,Витлеем,Betlehem,Betlém
1429,Chambéry,Шамберы,Шамбері,Шамбери,Шамбери,Chambéry,Chambéry
1430,Częstochowa,Чэнстахова,Ченстохова,Ченстохова,Ченстохова,Čenstohova,Čenstochová
1435,Winterthur,Вінтэртур,Вінтертур,Винтертур,Винтертур,Winterthur,Winterthur
1436,Heidelberg,Гайдэльберг,Гайдельберг,Гейдельберг,Хайделберг,Heidelberg,Heidelberg
1437,Stefan Banach,Стэфан Банах,Стефан Банах,"Банах, Стефан",Стефан Банах,Stefan Banach,Stefan Banach
1441,Teby,Фівы,Фіви,Фивы,Тива,"Tebe, Egipt",Veset
1443,Opawa,Опава,Опава,Опава,Опава,Opava,Opava
1444,Hildesheim,Гільдэсгайм,Гільдесгайм,Хильдесхайм,Хилдесхайм,Hildesheim,Hildesheim
1446,Đồng Hới,Дангхоі,Донгхой,Донгхой,Донгхой,Đồng Hới,Dong Hoi
1447,Tybinga,Цюбінген,Тюбінген,Тюбинген,Тюбинген,Tübingen,Tübingen
1448,Fryburg Bryzgowijski,Фрайбург,Фрайбург,Фрайбург-им-Брайсгау,Фрайбург,Freiburg im Breisgau,Freiburg im Breisgau
1449,Asuan,Асуан,Асуан,Асуан,Асуан,Asuan,Asuán
1452,Salerno,Салерна,Салерно,Салерно,Салерно,Salerno,Salerno
1458,Stepanakert,Сцепанакерт,Степанакерт,Степанакерт,Степанакерт,Stepanakert,Stěpanakert
1461,Carcassonne,Каркасон,Каркассонн,Каркасон,Каркасон,Carcassonne,Carcassonne
1462,Salamanka,Саламанка,Саламанка,Саламанка,Саламанка,Salamanca,Salamanca
1463,Nanterre,Нантэр,Нантер,Нантер,Нантер,Nanterre,Nanterre
1465,Al-Azizijja,Эль-Азізія,Ель-Азізія,Эль-Азизия,Ал Азизия,Al Azizija,Azízíja
1467,Bad Tölz,Бад-Цёльц,Бад-Тельц,Бад-Тёльц,Бад Тьолц,Bad Tölz,Bad Tölz
1468,Bayreuth,Байрайт,Байройт,Байройт,Байройт,Bayreuth,Bayreuth
1470,Memmingen,Мемінген,Меммінген,Мемминген,Меминген,Memmingen,Memmingen
1471,Landshut,Ландсгут,Ландсгут,Ландсхут,Ландсхут,Landshut,Landshut
1473,Leuven,Лёвен,Левен,Лёвен,Льовен,Leuven,Lovaň
1475,Mons,Монс,Монс,Монс,Монс,Mons,Mons
1476,Valenciennes,Валансьен,Валансьєнн,Валансьен,Валансиен,Valenciennes,Valenciennes
1477,Sremski Karlovci,Срэмскі-Карлаўцы,Сремські Карловці,Сремски-Карловци,Сремски Карловци,Sremski Karlovci,Sremski Karlovci
1478,La Plata,Ла-Плата,Ла-Плата,Ла-Плата,Ла Плата,La Plata,La Plata
1479,Mesyna,Месіна,Мессіна,Мессина,Месина,Messina,Messina
1480,San Salvador de Jujuy,Сан-Сальвадор-дэ-Жужуй,Сан-Сальвадор-де-Жужуй,Сан-Сальвадор-де-Жужуй,Сан Салвадор де Хухуй,San Salvador de Jujuy,San Salvador de Jujuy
1481,Krasław,Краслава,Краслава,Краслава,Краслава,Krāslava,Krāslava
1482,Palma,Пальма-дэ-Мальёрка,Пальма,Пальма,Палма де Майорка,Palma de Mallorca,Palma de Mallorca
1485,Laon,Лан,Лан,Лан,Лан,Laon,Laon
1486,Wolfsburg,Вольфсбург,Вольфсбург,Вольфсбург,Волфсбург,Wolfsburg,Wolfsburg
1487,Limburg an der Lahn,Лімбург-на-Лане,Лімбург-ан-дер-Лан,Лимбург-ан-дер-Лан,Лимбург ан дер Лан,Limburg ob Lahnu,Limburg an der Lahn
1488,Chimki,Хімкі,Хімки,Химки,Химки,Himki,Chimki
1489,Bałaszycha,Балашыха,Балашиха,Балашиха,Балашиха,Balašiha,Balašicha
1490,Ołeh Błochin,Алег Уладзіміравіч Блахін,Блохін Олег Володимирович,"Блохин, Олег Владимирович",Олег Блохин,Oleg Blohin,Oleg Blochin
1492,Reprezentacja Ukrainy w piłce nożnej mężczyzn,Зборная Украіны па футболе,Збірна України з футболу,Сборная Украины по футболу,Национален отбор по футбол на Украйна,Ukrajinska nogometna reprezentanca,Ukrajinská fotbalová reprezentace
1497,Niepodległe Państwo Chorwackie,Незалежная Дзяржава Харватыя,Незалежна Держава Хорватія,Независимое государство Хорватия,Независима хърватска държава,Neodvisna država Hrvaška,Nezávislý stát Chorvatsko
1498,Pau,По,По,По,По,"Pau, Francija",Pau
1499,Księstwo Warszawskie,Герцагства Варшаўскае,Варшавське герцогство,Варшавское герцогство,Варшавско херцогство,Vojvodina Varšava,Varšavské knížectví
1500,Ankona,Анкона,Анкона,Анкона,Анкона,Ancona,Ancona
1501,Boulogne-sur-Mer,Булонь-сюр-Мэр,Булонь-сюр-Мер,Булонь-сюр-Мер,Булон сюр Мер,Boulogne-sur-Mer,Boulogne-sur-Mer
1504,A Coruña,Ла-Карунья,Ла-Корунья,Ла-Корунья,Ла Коруня,A Coruña,A Coruña
1506,Ourense,Арэнсэ,Оренсе,Оренсе,Оренсе,Ourense,Ourense
1507,Nagano,Нагана,Наґано,Нагано,Нагано,Nagano,Nagano
1508,Albertville,Альбервіль,Альбервіль,Альбервиль,Албервил,Albertville,Albertville
1509,Baltimore,Балтымар,Балтимор,Балтимор,Балтимор,Baltimore,Baltimore
1510,Mariupol,Марыупаль,Маріуполь,Мариуполь,Мариупол,Mariupol,Mariupol
1511,Kadyks,Кадыс,Кадіс,Кадис,Кадис,Cádiz,Cádiz
1512,Narbona,Нарбона,Нарбонн,Нарбон,Нарбон,Narbonne,Narbonne
1513,Huesca,Уэска,Уеска,Уэска,Уеска,Huesca,Huesca
1514,Segowia,Сеговія,Сеговія,Сеговия,Сеговия,Segovia,Segovia
1516,Almería,Альмерыя,Альмерія,Альмерия,Алмерия,Almeria,Almería
1517,Karaiby,Карыбскія астравы,Кариби,Карибы,Карибски регион,Karibi,Karibik
1518,Zjednoczona Republika Arabska,Аб’яднаная Арабская Рэспубліка,Об'єднана Арабська Республіка,Объединённая Арабская Республика,Обединена арабска република,Združena arabska republika,Sjednocená arabská republika
1519,Wierka Serdiuczka,Андрэй Міхайлавіч Данілка,Данилко Андрій Михайлович,"Данилко, Андрей Михайлович",Верка Сердючка,Verka Serdučka,Věrka Serďučka
1522,Rodos,Родас,Родос,Родос,Родос,Rodos,Rhodos
1524,Ostrawa,Острава,Острава,Острава,Острава,Ostrava,Ostrava
1526,Chersonez Taurydzki,Херсанес Таўрычаскі,Херсонес Таврійський,Херсонес Таврический,Херсонес Таврически,Herson,Chersonésos
1527,Miasta w Czechach,Гарады Чэхіі,Міста Чехії,Города Чехии,Списък на градовете в Чехия,Seznam mest na Češkem,Seznam měst v Česku
1528,Třebíč,Тршэбіч,Тршебич,Тршебич,Тршебич,Třebíč,Třebíč
1529,Ołomuniec,Оламаўц,Оломоуць,Оломоуц,Оломоуц,Olomuc,Olomouc
1530,Azerbejdżan w Konkursie Piosenki Eurowizji,Азербайджан на конкурсе песні Еўрабачанне,Азербайджан на пісенному конкурсі Євробачення,Азербайджан на «Евровидении»,Азербайджан в Евровизия,Azerbajdžan na Pesmi Evrovizije,Ázerbájdžán na Eurovision Song Contest
1531,Quedlinburg,Кведлінбург,Кведлінбург,Кведлинбург,Кведлинбург,Quedlinburg,Quedlinburg
1534,Bajonna,Баёна,Байонна,Байонна,Байон,Bayonne,Bayonne
1535,Wagharszapat,Вагаршапат,Вагаршапат,Вагаршапат,Вагаршапат,Ečmiadzin,Vagharšapat
1537,San Diego,Сан-Дыега,Сан-Дієго,Сан-Диего,Сан Диего,San Diego,San Diego
1538,Longyearbyen,Лонгйір,Лонг'їр,Лонгйир,Лонгирбюен,Longyearbyen,Longyearbyen
1540,Tyr,Тыр,Сур,Сур,Тир,"Tir, Libanon",Týr
1541,Byblos,Бібл,Бібл,Библ,Библос,Biblos,Byblos
1542,Sydon,Сайда,Сайда,Сайда,Сайда,Sidon,Sidón
1545,Dubna,Дубна,Дубна,Дубна,Дубна,Dubna,Dubna
1546,León,Леон,Леон,Леон,Леон,"León, Nikaragva",León
1547,Stary Oskoł,Стары Аскол,Старий Оскол,Старый Оскол,Стари Оскол,Stari Oskol,Staryj Oskol
1548,Rybińsk,Рыбінск,Рибинськ,Рыбинск,Рибинск,Ribinsk,Rybinsk
1549,Daniłow,Данілаў,Данилов,Данилов,Данилов,"Danilov, Rusija",Danilov
1550,Lubim,Любім,Любим,Любим,Любим,Ljubim,Ljubim
1551,Myszkin,Мышкін,Мишкін,Мышкин,Мишкин,Miškin,Myškin
1554,Sint-Truiden,Сінт-Тройдэн,Сінт-Трейден,Синт-Трёйден,Синт Тройден,Sint-Truiden,Sint-Truiden
1558,Lugo,Луга,Луго,Луго,Луго,Lugo,Lugo
1560,Pawia,Павія,Павія,Павия,Павия,Pavia,Pavia
1561,Miasta w Holandii,Гарады Нідэрландаў,Міста Нідерландів,Города Нидерландов,Списък на градовете в Нидерландия,Seznam mest na Nizozemskem,Seznam měst v Nizozemsku
1562,Lugano,Лугана,Лугано,Лугано,Лугано,Lugano,Lugano
1566,Anagni,Ананьі,Ананьї,Ананьи,Анани,Anagni,Anagni
1567,Cincinnati,Цынцынаці,Цинциннаті,Цинциннати,Синсинати,Cincinnati,Cincinnati
1569,El Paso,Эль-Паса,Ель-Пасо,Эль-Пасо,Ел Пасо,"El Paso, Teksas",El Paso
1570,San Antonio,Сан-Антоніа,Сан-Антоніо,Сан-Антонио,Сан Антонио,"San Antonio, Teksas",San Antonio
1571,Louisville,Луісвіл,Луїсвілл,Луисвилл,Луисвил,"Louisville, Kentucky",Louisville
1572,Sacramento,Сакрамента,Сакраменто,Сакраменто,Сакраменто,Sacramento,Sacramento
1573,Tulsa,Талса,Талса,Талса,Тълса,"Tulsa, Oklahoma",Tulsa
1574,Colorado Springs,Каларада-Спрынгс,Колорадо-Спрінгс,Колорадо-Спрингс,Колорадо Спрингс,"Colorado Springs, Kolorado",Colorado Springs
1575,Wichita,Уічыта,Вічита,Уичито,Уичита,"Wichita, Kansas",Wichita
1576,Long Beach,Лонг-Біч,Лонг-Біч,Лонг-Бич,Лонг Бийч,"Long Beach, Kalifornija",Long Beach
1577,Fresno,Фрэсна,Фресно,Фресно,Фресно,"Fresno, Kalifornija",Fresno
1578,Oakland,Окленд,Окленд,Окленд,Оукланд,"Oakland, Kalifornija",Oakland
1581,Mandżukuo,Маньчжоу-го,Маньчжурська держава,Маньчжоу-Го,Манджоу-Го,Mandžukuo,Mandžukuo
1582,Carrara,Карара,Каррара,Каррара,Карара,Carrara,Carrara
1583,Beaune,Бон,Бон,Бон,Бон,Beaune,Beaune
1585,Tripoli,Трыпаліс,Триполі,Триполис,Триполи,"Tripoli, Grčija",Tripolis
1587,Chiwa,Хіва,Хіва,Хива,Хива,Hiva,Chiva
1588,Davos,Давос,Давос,Давос,Давос,Davos,Davos
1589,Atlanta,Атланта,Атланта,Атланта,Атланта,"Atlanta, Georgia",Atlanta
1590,Cleveland,Кліўленд,Клівленд,Кливленд,Кливланд,"Cleveland, Ohio",Cleveland
1591,Gary,Гэры,Гері,Гэри,Гери,"Gary, Indiana",Gary
1593,Kaszan,Кашан,Кашан,Кашан,Кашан,Kašan,Kášán
1595,Lubeka,Любек,Любек,Любек,Любек,Lübeck,Lübeck
1596,Bouillon,Буён,Буйон,Буйон,Буйон,Bouillon,Bouillon
1597,Vercelli,Верчэлі,Верчеллі,Верчелли,Верчели,Vercelli,Vercelli
1600,Mohendżo Daro,Махенджа-Дара,Мохенджо-Даро,Мохенджо-Даро,Мохенджо-Даро,Mohendžo-daro,Mohendžodaro
1603,Hameln,Гамельн,Гамельн,Хамельн,Хамелн,Hameln,Hameln
1606,Skradin,Скрадзін,Скрадин,Скрадин,Скрадин,Skradin,Skradin
1608,Cardiff,Кардыф,Кардіфф,Кардифф,Кардиф,Cardiff,Cardiff
1609,"Wyspa Świętej Heleny, Wyspa Wniebowstąpienia i Tristan da Cunha","Астравы Святой Алены, Ушэсця і Трыстан-да-Кунья","Острови Святої Єлени, Вознесіння і Тристан-да-Кунья","Острова Святой Елены, Вознесения и Тристан-да-Кунья","Света Елена, Възнесение и Тристан да Куня","Sveta Helena, Ascension in Tristan da Cunha","Svatá Helena, Ascension a Tristan da Cunha"
1611,Prut,Прут,Прут,Прут,Прут,Prut,Prut
1612,Canterbury,Кентэрберы,Кентербері,Кентербери,Кентърбъри,Canterbury,Canterbury
1613,Kerman,Керман,Керман,Керман,Керман,Kerman,Kermán
1614,Cremona,Крэмона,Кремона,Кремона,Кремона,Cremona,Cremona
1615,Urbino,Урбіна,Урбіно,Урбино,Урбино,Urbino,Urbino
1616,Arezzo,Арэца,Ареццо,Ареццо,Арецо,Arezzo,Arezzo
1618,Krzemieńczuk,Крэмэнчук,Кременчук,Кременчуг,Кременчук,Kremenčuk,Kremenčuk
1621,Kluż-Napoka,Клуж-Напока,Клуж-Напока,Клуж-Напока,Клуж-Напока,Cluj-Napoca,Kluž
1622,Szekszárd,Сексард,Сексард,Сексард,Сексард,Szekszárd,Szekszárd
1623,Nyíregyháza,Ньірэдзьхаза,Ньїредьгаза,Ньиредьхаза,Ниредхаза,Nyíregyháza,Nyíregyháza
1624,Győr,Дзьёр,Дьєр,Дьёр,Дьор,Gjur,Győr
1625,Ingolstadt,Інгальштат,Інгольштадт,Ингольштадт,Инголщат,Ingolstadt,Ingolstadt
1626,Komárom,Комарам,Комаром,Комаром,Комаром,Komárom,Komárom
1627,Bačka Palanka,Бачка-Паланка,Бачка-Паланка,Бачка-Паланка,Бачка паланка,Bačka Palanka,Bačka Palanka
1628,Vukovar,Вукавар,Вуковар,Вуковар,Вуковар,Vukovar,Vukovar
1629,Mohacz,Мохач,Мохач,Мохач,Мохач,Mohač,Moháč
1631,Rusłana Łyżyczko,Руслана,Лижичко Руслана Степанівна,"Лыжичко, Руслана Степановна",Руслана Лижичко,Ruslana,Ruslana
1633,Rabaul,Рабаул,Рабаул,Рабаул,Рабаул,Rabaul,Rabaul
1634,Cahors,Каор,Каор,Каор,Каор,Cahors,Cahors
1637,Portland,Портленд,Портленд,Портленд,Портланд,"Portland, Oregon",Portland
1639,Virginia Beach,Вірджынія-Біч,Вірджинія-Біч,Верджиния-Бич,Вирджиния Бийч,"Virginia Beach, Virginija",Virginia Beach
1641,Kansas City,Канзас-Сіці,Канзас-Сіті,Канзас-Сити,Канзас Сити,"Kansas City, Misuri",Kansas City
1642,Albany,Олбані,Олбані,Олбани,Олбани,"Albany, New York",Albany
1644,Miami,Маямі,Маямі,Майами,Маями,Miami,Miami
1645,Wyspa Aleksandra,Зямля Аляксандра I,Земля Олександра I,Земля Александра I,Земя Александър I,Aleksandrov otok,Ostrov Alexandra I.
1648,Santa Marta,Санта-Марта,Санта-Марта,Санта-Марта,Санта Марта,Santa Marta,Santa Marta
1650,Iwanowo,Іванава,Іваново,Иваново,Иваново,"Ivanovo, Rusija",Ivanovo
1658,Świnoujście,Свінауйсце,Свіноуйсьце,Свиноуйсьце,Швиноуйшче,Świnoujście,Svinoústí
1660,Hims,Хомс,Хомс,Хомс,Хомс,Homs,Homs
1661,Aleppo,Халеб,Алеппо,Алеппо,Халеб,Alep,Aleppo
1670,Segedyn,Сегед,Сегед,Сегед,Сегед,Szeged,Segedín
1685,Tyryns,Тырынф,Тиринф,Тиринф,Тиринт,Tirint,Tíryns
1687,Saint-Étienne,Сент-Эцьен,Сент-Етьєн,Сент-Этьен,Сент Етиен,Saint-Étienne,Saint-Étienne
1688,Mechelen,Мехелен,Мехелен,Мехелен,Мехелен,Mechelen,Mechelen
1691,Sybin,Сібіу,Сібіу,Сибиу,Сибиу,Sibiu,Sibiu
1769,Silistra,Сілістра,Сілістра,Силистра,Силистра,Silistra,Silistra
1775,Xi’an,Сіянь,Сіань,Сиань,Сиан,Šjan,Si-an
1780,Bath,Бат,Бат,Бат,Бат,Bath,Bath
1782,Nottingham,Нотынгем,Ноттінгем,Ноттингем,Нотингам,Nottingham,Nottingham
1784,Amboise,Амбуаз,Амбуаз,Амбуаз,Амбоаз,Amboise,Amboise
1786,Pergamon,Пергам,Пергам,Пергам,Пергам,Pergamon,Pergamon
1788,Zamek Palanka,Паланак,Замок Паланок,Паланок,Паланок,Grad Palanok,Palanok
1794,Funafuti,Фунафуці,Фунафуті,Фунафути,Фунафути,Funafuti,Funafuti
1795,Samaria,Самарыя,Самарія,Самария,Самария,Samarija,Samařsko
1796,Szolnok,Сольнак,Сольнок,Сольнок,Солнок,Szolnok,Szolnok
1797,Szombathely,Сомбатхей,Сомбатгей,Сомбатхей,Сомбатхей,Sombotel,Szombathely
1803,Galle,Гале,Ґалле,Галле,Гале,Galle,Galle
1809,Kandy,Канды,Канді,Канди,Канди,Kandi,Kandy
1810,Spa,Спа,Спа,Спа,Спа,Spa,Spa
1812,Kieżmark,Кежмарак,Кежмарок,Кежмарок,Кежмарок,Kežmarok,Kežmarok
1819,Pistoia,Пістоя,Пістоя,Пистоя,Пистоя,Pistoia,Pistoia
1820,Foggia,Фоджа,Фоджа,Фоджа,Фоджа,Foggia,Foggia
1823,Stara Zagora,Стара-Загора,Стара Загора,Стара-Загора,Стара Загора,Stara Zagora,Stara Zagora
1824,Hvar,Хвар,Хвар,Хвар,Хвар,"Hvar, Hvar",Hvar
1825,Małe Antyle,Малыя Антыльскія астравы,Малі Антильські острови,Малые Антильские острова,Малки Антили,Mali Antili,Malé Antily
1827,Sławutycz,Славутыч,Славутич,Славутич,Славутич,Slavutič,Slavutyč
1828,Stratford-upon-Avon,Стратфард-он-Эйван,Стратфорд-апон-Ейвон,Стратфорд-апон-Эйвон,Стратфорд на Ейвън,Stratford-upon-Avon,Stratford nad Avonou
1847,Delft,Дэлфт,Делфт,Делфт,Делфт,Delft,Delft
1852,Roseau,Разо,Розо,Розо,Розо,Roseau,Roseau
1854,Medellín,Медэльін,Медельїн,Медельин,Меделин,Medellín,Medellín
1857,Suczawa,Сучава,Сучава,Сучава,Сучава,Suceava,Suceava
1858,Safakis,Сфакс,Сфакс,Сфакс,Сфакс,Sfax,Sfax
1861,Semej,Семей,Семей,Семей,Семей,Semipalatinsk,Semej
1863,Sokolov,Сокалаў,Соколов,Соколов,Соколов,"Sokolov, Češka",Sokolov
1864,Bytom,Бытам,Битом,Бытом,Битом,Bytom,Bytom
1865,Zatoka Alaska,Аляска,Аляска,Аляска,Аляски залив,Aljaški zaliv,Aljašský záliv
1866,Memfis,Мемфіс,Мемфіс,Мемфис,Мемфис,"Memfis, Egipt",Mennofer
1867,Krk,Крк,Крк,Крк,Крък,Krk,Krk
1871,St. Gallen,Санкт-Гален,Санкт-Галлен,Санкт-Галлен,Санкт Гален,St. Gallen,St. Gallen
1874,Kiruna,Кіруна,Кіруна,Кируна,Кируна,Kiruna,Kiruna
1876,Pusan,Пусан,Пусан,Пусан,Пусан,Pusan,Pusan
1877,Aberdeen,Абердзін,Абердин,Абердин,Абърдийн,Aberdeen,Aberdeen
1879,Jacksonville,Джэксанвіл,Джексонвілл,Джэксонвилл,Джаксънвил,"Jacksonville, Florida",Jacksonville
1882,Cesarstwo Nicejskie,Нікейская імперыя,Нікейська імперія,Никейская империя,Никейска империя,Nikejsko cesarstvo,Nikájské císařství
1885,Riszon le-Cijjon,Рышон-ле-Цыён,Рішон-ле-Ціон,Ришон-ле-Цион,Ришон ле Цион,Rishon LeZion,Rišon le-Cijon
1889,Bristol,Брысталь,Бристоль,Бристоль,Бристъл,Bristol,Bristol
1891,Trujillo,Трухілья,Трухільйо,Трухильо,Трухильо,"Trujillo, Peru",Trujillo
1894,Państwo frankijskie,Франкская дзяржава,Франкське королівство,Франкское государство,Франкска империя,Frankovsko cesarstvo,Franská říše
1903,La Rochelle,Ла-Рашэль,Ла-Рошель,Ла-Рошель,Ла Рошел,La Rochelle,La Rochelle
1907,Chaskowo,Хаскава,Хасково,Хасково,Хасково,Haskovo,Chaskovo
1910,Irbid,Ірбід,Ірбід,Ирбид,Ирбид,Irbid,Irbid
1916,Arequipa,Арэкіпа,Арекіпа,Арекипа,Арекипа,Arequipa,Arequipa
1917,Klagenfurt am Wörthersee,Клагенфурт,Клагенфурт-ам-Вертерзе,Клагенфурт-ам-Вёртерзе,Клагенфурт,Celovec,Klagenfurt am Wörthersee
1919,Sisak,Сісак,Сисак,Сисак,Сисак,Sisek,Sisak
1920,Varaždin,Вараждзін,Вараждин,Вараждин,Вараждин,Varaždin,Varaždín
1921,Bandung,Бандунг,Бандунґ,Бандунг,Бандунг,Bandung,Bandung
1922,Język romski,Цыганская мова,Циганська мова,Цыганский язык,Цигански език,Romščina,Romština
1923,Boryspol,Барыспіль,Бориспіль,Борисполь,Бориспил,Borispol,Boryspil
1926,Szibam,Шыбам,Шибам,Шибам,Шибам,Šibam,Šibám
1927,Tucson,Тусан,Тусон,Тусон,Тусон,"Tucson, Arizona",Tucson
1928,Argos,Аргас,Аргос,Аргос,Аргос,Argos,Argos
1931,Berkeley,"Берклі, Каліфорнія",Берклі,Беркли,Бъркли,"Berkeley, Kalifornija",Berkeley
1933,Priene,Прыена,Прієна,Приена,Приене,Priena,Priéné
1934,Gabrowo,Габрава,Габрово,Габрово,Габрово,"Gabrovo, Bolgarija",Gabrovo
1941,Miasta w Serbii,Гарады Сербіі,Міста Сербії,Города Сербии,Градове в Сърбия,Seznam mest v Srbiji,Seznam měst v Srbsku
1942,Lidia,Лідыя,Лідія,Лидия,Лидия,Lidija,Lýdie
1943,Sardes,Сарды,Сарди,Сарды,Сарди,Sarde,Sardy
1945,Salta,Сальта,Сальта,Сальта,Салта,Salta,Salta
1947,Frygia,Фрыгія,Фригія,Фригия,Фригия,Frigija,Frýgie
1950,Sighișoara,Сігішаара,Сігішоара,Сигишоара,Сигишоара,Sighișoara,Sighișoara
1954,Delfy,Дэльфы,Дельфи,Дельфы,Делфи,Delfi,Delfy
1955,Kalmar,"Кальмар, Швецыя",Кальмар,Кальмар,Калмар,Kalmar,Kalmar
1958,Växjö,Векшэ,Векше,Векшё,Векшьо,Växjö,Växjö
1960,Birka,Бірка,Бірка,Бирка,Бирка,Birka,Birka
1961,Timișoara,Тымішаара,Тімішоара,Тимишоара,Тимишоара,Temišvar,Temešvár
1963,Bitynia,Віфінія,Віфінія,Вифиния,Витиния,Bitinija,Bithýnie
1967,Valence,Валанс,Валанс,Валанс,Валанс,Valence,Valence
1970,León,"Леон, Гуанахуата",Леон,Леон-де-лос-Альдама,Леон,"León, Guanajuato",León
1973,Villeurbanne,Віёрбан,Віллербанн,Вийёрбан,Вильорбан,Villeurbanne,Villeurbanne
1981,Królestwo Nawarry,Каралеўства Навара,Королівство Наварра,Наварра,Кралство Навара,Kraljevina Navarra,Navarrské království
1986,Język gagauski,Гагаузская мова,Гагаузька мова,Гагаузский язык,Гагаузки език,Gagauščina,Gagauzština
1990,Wolne Terytorium,Вольная тэрыторыя,Вільна територія,Вольная территория,Свободна територия,Svobodni teritorij,Svobodné území
1991,Calais,Кале,Кале,Кале,Кале,Calais,Calais
1993,Państwa krzyżowe,Дзяржавы крыжакоў,Держави хрестоносців,Государства крестоносцев,Кръстоносна държава,Križarske države,Křižácké státy
1998,Livorno,Ліворна,Ліворно,Ливорно,Ливорно,Livorno,Livorno
2004,Kotlina Panońska,Сярэднедунайская нізіна,Тисо-Дунайська низовина,Среднедунайская низменность,Среднодунавска низина,Panonska nižina,Panonská pánev
2005,Wielka Nizina Węgierska,Альфёльд,Великий Альфельд,Альфёльд,Алфьолд,Velika madžarska nižina,Velká dunajská nížina
2009,Celle,Цэле,Целле,Целле,Целе,Celle,Celle
2011,Nagasaki,Нагасакі,Нагасакі,Нагасаки,Нагасаки,Nagasaki,Nagasaki
2014,Traktat w Trianon,Трыянонскі дагавор,Тріанонський договір,Трианонский договор,Трианонски договор,Trianonska mirovna pogodba,Trianonská smlouva
2017,Tebriz,Тэбрыз,Тебриз,Тебриз,Тебриз,Tabriz,Tabríz
2018,Gloucester,Глостэр,Глостер,Глостер,Глостър,"Gloucester, Anglija",Gloucester
2020,Saitama,Сайтама,Сайтама,Сайтама,Сайтама,Saitama,Saitama
2021,Czerwony Las,Руды лес,Рудий ліс,Рыжий лес,Червена гора,Rdeči gozd,Rudý les
2024,Kweta,Квета,Кветта,Кветта,Куета,Quetta,Kvéta
2026,Język krymskotatarski,Крымскататарская мова,Кримськотатарська мова,Крымскотатарский язык,Кримскотатарски език,Krimska tatarščina,Krymská tatarština
2027,Aquincum,Аквінкум,Аквінкум,Аквинк,Аквинкум,Akvinkum,Aquincum
2029,Xining,Сінін,Сінін,Синин,Синин,Šining,Si-ning
