,pl,be,uk,ru,bg,sl,cs,en
0,Indie,Індыя,Індія,Индия,Индия,Indija,Indie,India
1,Hiszpania,Іспанія,Іспанія,Испания,Испания,Španija,Španělsko,Spain
2,Włochy,Італія,Італія,Италия,Италия,Italija,Itálie,Italy
3,Nur-Sułtan,Акмала,Нур-Султан,Нур-Султан,Нур Султан,Nursultan,Nur-Sultan,Nur-Sultan
4,Aleksandria,Аляксандрыя,Александрія,Александрия,Александрия,Aleksandrija,Alexandrie,Alexandria
5,Ararat,Арарат,Арарат,Арарат,Арарат,Ararat,Ararat,Ararat
6,Argentyna,Аргенціна,Аргентина,Аргентина,Аржентина,Argentina,Argentina,Argentina
7,Afganistan,Афганістан,Афганістан,Афганистан,Афганистан,Afganistan,Afghánistán,Afghanistan
8,Australia,Аўстралія,Австралія,Австралия,Австралия,Avstralija,Austrálie,Australia
9,Austria,Аўстрыя,Австрія,Австрия,Австрия,Avstrija,Rakousko,Austria
10,Boliwia,Балівія,Болівія,Боливия,Боливия,Bolivija,Bolívie,Bolivia
11,Mumbaj,Бамбей,Мумбаї,Мумбаи,Мумбай,Mumbaj,Bombaj,Mumbai
12,Belgia,Бельгія,Бельгія,Бельгия,Белгия,Belgija,Belgie,Belgium
13,Brazylia,Бразілія,Бразилія,Бразилия,Бразилия,Brazilija,Brazílie,Brazil
14,Brześć,Брэст,Берестя,Брест,Брест,Brest,Brest,Brest
15,Vanuatu,Вануату,Вануату,Вануату,Вануату,Vanuatu,Vanuatu,Vanuatu
16,Wielka Brytania,Велікабрытанія,Велика Британія,Великобритания,Обединено кралство Великобритания и Северна Ирландия,Združeno kraljestvo Velike Britanije in Severne Irske,Spojené království,United Kingdom
17,Wenezuela,Венесуэла,Венесуела,Венесуэла,Венецуела,Venezuela,Venezuela,Venezuela
18,Wilno,Вільня,Вільнюс,Вильнюс,Вилнюс,Vilna,Vilnius,Vilnius
19,Witebsk,Віцебск,Вітебськ,Витебск,Витебск,Vitebsk,Vitebsk,Vitebsk
20,Ghana,Гана,Гана,Гана,Гана,Gana,Ghana,Ghana
21,Niemcy,Германія,Німеччина,Германия,Германия,Nemčija,Německo,Germany
22,Homel,Гомель,Гомель,Гомель,Гомел,Gomel,Homel,Gomel
23,Grecja,Грэцыя,Греція,Греция,Гърция,Grčija,Řecko,Greece
24,Dania,Данія,Данія,Дания,Дания,Danska,Dánsko,Denmark
25,Dniepr,Дняпро,Дніпро,Днепр,Днепър,Dneper,Dněpr,Dnieper
26,Dunaj,Дунай,Дунай,Дунай,Дунав,Donava,Dunaj,Danube
27,Stany Zjednoczone,Злучаныя Штаты Амерыкі,Сполучені Штати Америки,Соединённые Штаты Америки,Съединени американски щати,Združene države Amerike,Spojené státy americké,United States
28,Korea Północna,КНДР,Північна Корея,Корейская Народно-Демократическая Республика,Северна Корея,Severna Koreja,Severní Korea,North Korea
29,Kolumbia,Калумбія,Колумбія,Колумбия,Колумбия,Kolumbija,Kolumbie,Colombia
30,Kanada,Канада,Канада,Канада,Канада,Kanada,Kanada,Canada
31,Wybrzeże Kości Słoniowej,Кот-д’Івуар,Кот-д'Івуар,Кот-д’Ивуар,Кот д'Ивоар,Slonokoščena obala,Pobřeží slonoviny,Ivory Coast
32,Kijów,Кіеў,Київ,Киев,Киев,Kijev,Kyjev,Kyiv
33,La Paz,Ла-Пас,Ла-Пас,Ла-Пас,Ла Пас,La Paz,La Paz,La Paz
34,Luksemburg,Люксембург,Люксембург,Люксембург,Люксембург,Luksemburg,Lucembursko,Luxembourg
35,Lucerna,Люцэрн,Люцерн,Люцерн,Люцерн,Luzern,Lucern,Lucerne
36,Litwa,Літва,Литва,Литва,Литва,Litva,Litva,Lithuania
37,Mohylew,Магілёў,Могильов,Могилёв,Могильов,Mogilev,Mogilev,Mogilev
38,Monako,Манака,Монако,Монако,Монако,Monako,Monako,Monaco
39,Mińsk,Мінск,Мінськ,Минск,Минск,Minsk,Minsk,Minsk
40,Nowa Zelandia,Новая Зеландыя,Нова Зеландія,Новая Зеландия,Нова Зеландия,Nova Zelandija,Nový Zéland,New Zealand
41,Holandia,Нідэрланды,Нідерланди,Нидерланды,Нидерландия,Nizozemska,Nizozemsko,Netherlands
42,Pakistan,Пакістан,Пакистан,Пакистан,Пакистан,Pakistan,Pákistán,Pakistan
43,Południowa Afryka,Паўднёва-Афрыканская Рэспубліка,Південно-Африканська Республіка,Южно-Африканская Республика,Република Южна Африка,Republika Južna Afrika,Jihoafrická republika,South Africa
44,Peru,Перу,Перу,Перу,Перу,Peru,Peru,Peru
45,Polska,Польшча,Польща,Польша,Полша,Poljska,Polsko,Poland
46,Punta Arenas,Пунта-Арэнас,Пунта-Аренас,Пунта-Аренас,Пунта Аренас,Punta Arenas,Punta Arenas,Punta Arenas
47,Rosja,Расія,Росія,Россия,Русия,Rusija,Rusko,Russia
48,Rwanda,Руанда,Руанда,Руанда,Руанда,Ruanda,Rwanda,Rwanda
49,Rumunia,Румынія,Румунія,Румыния,Румъния,Romunija,Rumunsko,Romania
50,Białoruś,Рэспубліка Беларусь,Білорусь,Белоруссия,Беларус,Belorusija,Bělorusko,Belarus
51,Arabia Saudyjska,Саудаўская Аравія,Саудівська Аравія,Саудовская Аравия,Саудитска Арабия,Saudova Arabija,Saúdská Arábie,Saudi Arabia
52,Sucre,Сукрэ,Сукре,Сукре,Сукре,Sucre,Sucre,Sucre
53,Singapur,Сінгапур,Сінгапур,Сингапур,Сингапур,Singapur,Singapur,Singapore
54,Turcja,Турцыя,Туреччина,Турция,Турция,Turčija,Turecko,Turkey
55,Francja,Францыя,Франція,Франция,Франция,Francija,Francie,France
56,Filipiny,Філіпіны,Філіппіни,Филиппины,Филипини,Filipini,Filipíny,Philippines
57,Chile,Чылі,Чилі,Чили,Чили,Čile,Chile,Chile
58,Czechy,Чэхія,Чехія,Чехия,Чехия,Češka,Česko,Czech Republic
59,Szwajcaria,Швейцарыя,Швейцарія,Швейцария,Швейцария,Švica,Švýcarsko,Switzerland
60,Szwecja,Швецыя,Швеція,Швеция,Швеция,Švedska,Švédsko,Sweden
61,Etiopia,Эфіопія,Ефіопія,Эфиопия,Етиопия,Etiopija,Etiopie,Ethiopia
62,Islamabad,Ісламабад,Ісламабад,Исламабад,Исламабад,Islamabad,Islámábád,Islamabad
63,Abu Zabi,Абу-Дабі,Абу-Дабі,Абу-Даби,Абу Даби,Abu Dabi,Abú Zabí,Abu Dhabi
64,Abudża,Абуджа,Абуджа,Абуджа,Абуджа,Abuja,Abuja,Abuja
65,Abidżan,Абіджан,Абіджан,Абиджан,Абиджан,Abidžan,Abidžan,Abidjan
66,Avarua,Аваруа,Аваруа,Аваруа,Аваруа,Avarua,Avarua,Avarua
67,Aden,Адэн,Аден,Аден,Аден,Aden,Aden,Aden
68,Acapulco,Акапулька,Акапулько,Акапулько,Акапулко,Acapulco,Acapulco,Acapulco
69,Akra,Акра,Аккра,Аккра,Акра,Akra,Akkra,Accra
70,Algier,Алжыр,Алжир,Алжир,Алжир,Alžir,Alžír,Algeria
71,Alofi,Алофі,Алофі,Алофи,Алофи,Alofi,Alofi,Alofi
72,Amman,Аман,Амман,Амман,Аман,Aman,Ammán,Amman
73,Amsterdam,Амстэрдам,Амстердам,Амстердам,Амстердам,Amsterdam,Amsterdam,Amsterdam
74,Ankara,Анкара,Анкара,Анкара,Анкара,Ankara,Ankara,Ankara
75,Antananarywa,Антананарыву,Антананаріву,Антананариву,Антананариву,Antananarivo,Antananarivo,Antananarivo
76,Antwerpia,Антверпен,Антверпен,Антверпен,Антверпен,Antwerpen,Antverpy,Antwerp
77,Apia,Апія,Апіа,Апиа,Апия,Apia,Apia,Apia
78,Asmara,Асмара,Асмера,Асмэра,Асмара,Asmara,Asmara,Asmara
79,Asunción,Асунсьён,Асунсьйон,Асунсьон,Асунсион,Asunción,Asunción,Asunción
80,Ateny,Афіны,Афіни,Афины,Атина,Atene,Athény,Athens
81,Aszchabad,Ашгабат,Ашгабат,Ашхабад,Ашхабад,Ašhabad,Ašchabad,Ashgabat
82,Ajaccio,Аяча,Аяччо,Аяччо,Аячо,Ajaccio,Ajaccio,Ajaccio
83,Bogota,Багата,Богота,Богота,Богота,Bogota,Bogotá,Bogotá
84,Bagdad,Багдад,Багдад,Багдад,Багдад,Bagdad,Bagdád,Baghdad
85,Baku,Баку,Баку,Баку,Баку,Baku,Baku,Baku
86,Bamako,Бамако,Бамако,Бамако,Бамако,Bamako,Bamako,Bamako
87,Bangkok,Бангкок,Бангкок,Бангкок,Банкок,Bangkok,Bangkok,Bangkok
88,Bangi,Бангі,Бангі,Банги,Банги,Bangui,Bangui,Bangui
89,Bandar Seri Begawan,Бандар-Серы-Бегаван,Бандар-Сері-Бегаван,Бандар-Сери-Бегаван,Бандар Сери Бегаван,Bandar Seri Begawan,Bandar Seri Begawan,Bandar Seri Begawan
90,Bandżul,Банжул,Банжул,Банжул,Банджул,Banjul,Banjul,Banjul
91,Barranquilla,Баранкілья,Барранкілья,Барранкилья,Баранкиля,Barranquilla,Barranquilla,Barranquilla
92,Bordeaux,Бардо,Бордо,Бордо,Бордо,Bordeaux,Bordeaux,Bordeaux
93,Barcelona,Барселона,Барселона,Барселона,Барселона,Barcelona,Barcelona,Barcelona
94,Basseterre,Бастэр,Бастер,Бастер,Бастер,Basseterre,Basseterre,Basseterre
95,Bejrut,Бейрут,Бейрут,Бейрут,Бейрут,Bejrut,Bejrút,Beirut
96,Belgrad,Бялград,Белград,Белград,Белград,Beograd,Bělehrad,Belgrade
97,Belfast,Белфаст,Белфаст,Белфаст,Белфаст,Belfast,Belfast,Belfast
98,Belmopan,Бельмапан,Бельмопан,Бельмопан,Белмопан,Belmopan,Belmopan,Belmopan
99,Berlin,Берлін,Берлін,Берлин,Берлин,Berlin,Berlín,Berlin
100,Berno,Берн,Берн,Берн,Берн,Bern,Bern,Bern
101,Brazzaville,Бразавіль,Браззавіль,Браззавиль,Бразавил,Brazzaville,Brazzaville,Brazzaville
102,Brasília,Бразілія,Бразиліа,Бразилиа,Бразилия,Brasilia,Brasília,Brazil
103,Bratysława,Браціслава,Братислава,Братислава,Братислава,Bratislava,Bratislava,Bratislava
104,Bruksela,Брусель,Брюссель,Брюссель,Брюксел,Bruselj,Brusel,Brussels
105,Bridgetown,Брыджтаўн,Бриджтаун,Бриджтаун,Бриджтаун,Bridgetown,Bridgetown,Bridgetown
106,Brisbane,Брысбен,Брисбен,Брисбен,Бризбън,Brisbane,Brisbane,Brisbane
107,Budapeszt,Будапешт,Будапешт,Будапешт,Будапеща,Budimpešta,Budapešť,Budapest
108,Bużumbura,Бужумбура,Бужумбура,Бужумбура,Бужумбура,Bujumbura,Bujumbura,Bujumbura
109,Bukareszt,Бухарэст,Бухарест,Бухарест,Букурещ,Bukarešta,Bukurešť,Bucharest
110,Buenos Aires,Буэнас-Айрэс,Буенос-Айрес,Буэнос-Айрес,Буенос Айрес,Buenos Aires,Buenos Aires,Buenos Aires
111,Bhopal,Бхапал,Бхопал,Бхопал,Бопал,Bhopāl,Bhópál,Bhopal
112,Bilbao,Більбаа,Більбао,Бильбао,Билбао,Bilbao,Bilbao,Bilbao
113,Bissau,Бісау,Бісау,Бисау,Бисау,Bissau,Bissau,Bissau
114,Biszkek,Бішкек,Бішкек,Бишкек,Бишкек,Biškek,Biškek,Bishkek
115,Wientian,В’енцьян,В'єнтьян,Вьентьян,Виентян,Vientiane,Vientiane,Vientiane
116,Vaduz,Вадуц,Вадуц,Вадуц,Вадуц,Vaduz,Vaduz,Vaduz
117,Valletta,Валета,Валлетта,Валлетта,Валета,Valletta,Valletta,Valletta
118,Vancouver,Ванкувер,Ванкувер,Ванкувер,Ванкувър,Vancouver,Vancouver,Vancouver
119,Warszawa,Варшава,Варшава,Варшава,Варшава,Varšava,Varšava,Warsaw
120,Watykan,Ватыкан,Ватикан,Ватикан,Ватикан,Vatikan,Vatikán,Vatican City
121,Waszyngton,Вашынгтон,Вашингтон,Вашингтон,Вашингтон,Washington,"Washington, D.C.",Washington
122,Wellington,Уэлінгтан,Веллінгтон,Веллингтон,Уелингтън,Wellington,Wellington,Wellington
123,Wiedeń,Вена,Відень,Вена,Виена,Dunaj,Vídeň,Vienna
124,Victoria,Вікторыя,Вікторія,Виктория,Виктория,Viktorija,Victoria,Queen Victoria
125,Windhuk,Віндхук,Віндгук,Виндхук,Виндхук,Windhoek,Windhoek,Windhoek
126,Gaborone,Габаронэ,Габороне,Габороне,Габороне,Gaborone,Gaborone,Gaborone
127,Hawana,Гавана,Гавана,Гавана,Хавана,Havana,Havana,Havana
128,Halifax,Галіфакс,Галіфакс,Галифакс,Халифакс,Halifax,Halifax,Halifax
129,Hamburg,Гамбург,Гамбург,Гамбург,Хамбург,Hamburg,Hamburk,Hamburg
130,Guadalajara,Гвадалахара,Гвадалахара,Гвадалахара,Гуадалахара,Guadalajara,Guadalajara,Guadalajara
131,Gwatemala,Гватэмала,Гватемала,Гватемала,Гватемала,Gvatemala,Ciudad de Guatemala,Guatemala
132,Gdańsk,Гданьск,Гданськ,Гданьск,Гданск,Gdansk,Gdaňsk,Gdańsk
133,Genua,Генуя,Генуя,Генуя,Генуа,Genova,Janov,Genoa
134,Göteborg,Гётэбарг,Гетеборг,Гётеборг,Гьотеборг,Göteborg,Göteborg,Gothenburg
135,Dhaka,Дака,Дакка,Дакка,Дака,Daka,Dháka,Dhaka
136,Dakar,Дакар,Дакар,Дакар,Дакар,Dakar,Dakar,Dakar
137,Dar es Salaam,Дар-эс-Салам,Дар-ес-Салам,Дар-эс-Салам,Дар ес-Салаам,Dar es Salaam,Dar es Salaam,Dar es Salaam
138,Dżakarta,Джакарта,Джакарта,Джакарта,Джакарта,Džakarta,Jakarta,Jakarta
139,Dżibuti,Джыбуці,Джибуті,Джибути,Джибути,Džibuti,Džibuti,Djibouti
140,Düsseldorf,Дзюсельдорф,Дюссельдорф,Дюссельдорф,Дюселдорф,Düsseldorf,Düsseldorf,Düsseldorf
141,Doha,Доха,Доха,Доха,Доха,Doha,Dauhá,Doha
142,Duala,Дуала,Дуала,Дуала,Дуала,Douala,Douala,Douala
143,Dubaj,Дубай,Дубай,Дубай,Дубай,Dubaj,Dubaj,Dubai
144,Dublin,Дублін,Дублін,Дублин,Дъблин,Dublin,Dublin,Dublin
145,Douglas,Дуглас,Дуглас,Дуглас,Дъглас,Douglas,Douglas,Douglas
146,Durban,Дурбан,Дурбан,Дурбан,Дърбан,Durban,Durban,Durban
147,Duszanbe,Душанбэ,Душанбе,Душанбе,Душанбе,Dušanbe,Dušanbe,Dushanbe
148,Jekaterynburg,Екацярынбург,Єкатеринбург,Екатеринбург,Екатеринбург,Jekaterinburg,Jekatěrinburg,Yekaterinburg
149,Erywań,Ерэван,Єреван,Ереван,Ереван,Erevan,Jerevan,Yerevan
150,Genewa,Жэнева,Женева,Женева,Женева,Ženeva,Ženeva,Geneva
151,Zagrzeb,Заграб,Загреб,Загреб,Загреб,Zagreb,Záhřeb,Zagreb
152,Salzburg,Зальцбург,Зальцбург,Зальцбург,Залцбург,Salzburg,Salcburk,Salzburg
153,Johannesburg,Яганэсбург,Йоганнесбург,Йоханнесбург,Йоханесбург,Johannesburg,Johannesburg,Johannesburg
154,Jokohama,Якагама,Йокогама,Иокогама,Йокохама,Jokohama,Jokohama,Yokohama
155,Kabul,Кабул,Кабул,Кабул,Кабул,Kabul,Kábul,Kabul
156,Calgary,Калгары,Калгарі,Калгари,Калгари,Calgary,Calgary,Calgary
157,Kolombo,Каломба,Коломбо,Коломбо,Коломбо,Kolombo,Kolombo,Colombo
158,Kolkata,Калькута,Колката,Калькутта,Колката,Kalkuta,Kalkata,Kolkata
159,Kampala,Кампала,Кампала,Кампала,Кампала,Kampala,Kampala,Kampala
160,Konakry,Конакры,Конакрі,Конакри,Конакри,Conakry,Konakry,Conakry
161,Canberra,Канбера,Канберра,Канберра,Канбера,Canberra,Canberra,Canberra
162,Kanton,Кантон,Ґуанчжоу,Гуанчжоу,Гуанджоу,Guangdžov,Kanton,Guangzhou
163,Kopenhaga,Капенгаген,Копенгаген,Копенгаген,Копенхаген,København,Kodaň,Copenhagen
164,Caracas,Каракас,Каракас,Каракас,Каракас,Caracas,Caracas,Caracas
165,Karaczi,Карачы,Карачі,Карачи,Карачи,Karači,Karáčí,Karachi
166,Casablanca,Касабланка,Касабланка,Касабланка,Казабланка,Casablanca,Casablanca,Casablanca
167,Castries,Кастры,Кастрі,Кастри,Кастрийс,Castries,Castries,Castries
168,Katmandu,Катманду,Катманду,Катманду,Катманду,Katmandu,Káthmándú,Kathmandu
169,Kair,Каір,Каїр,Каир,Кайро,Kairo,Káhira,Cairo
170,Québec,Квебек,Квебек,Квебек,Квебек,Québec,Québec,Quebec
171,Kobe,Кобэ,Кобе,Кобе,Кобе,Kobe,Kóbe,Kobe
172,Kraków,Кракаў,Краків,Краков,Краков,Krakov,Krakov,Kraków
173,Kuala Lumpur,Куала-Лумпур,Куала-Лумпур,Куала-Лумпур,Куала Лумпур,Kuala Lumpur,Kuala Lumpur,Kuala Lumpur
174,Kuwejt,Кувейт,Ель-Кувейт,Эль-Кувейт,Кувейт,Kuvajt,Kuvajt,Kuwait
175,Kigali,Кігалі,Кігалі,Кигали,Кигали,Kigali,Kigali,Kigali
176,Kingston,Кінгстан,Кінгстон,Кингстон,Кингстън,Kingston,Kingston,Kingston
177,Kingstown,Кінгстаўн,Кінгстаун,Кингстаун,Кингстаун,Kingstown,Kingstown,Kingstown
178,Kinszasa,Кіншаса,Кіншаса,Киншаса,Киншаса,Kinšasa,Kinshasa,Kinshasa
179,Quito,Кіта,Кіто,Кито,Кито,Quito,Quito,Quito
180,Kiszyniów,Кішынёў,Кишинів,Кишинёв,Кишинев,Kišinjev,Kišiněv,Chișinău
181,Lipsk,Лейпцыг,Лейпциг,Лейпциг,Лайпциг,Leipzig,Lipsko,Leipzig
182,Petersburg,Ленінград,Санкт-Петербург,Санкт-Петербург,Санкт Петербург,Sankt Peterburg,Petrohrad,Saint Petersburg
183,Lomé,Ламэ,Ломе,Ломе,Ломе,Lomé,Lomé,Lomé
184,Londyn,Лондан,Лондон,Лондон,Лондон,London,Londýn,London
185,Luanda,Луанда,Луанда,Луанда,Луанда,Luanda,Luanda,Luanda
186,Lusaka,Лусака,Лусака,Лусака,Лусака,Lusaka,Lusaka,Lusaka
187,Lublana,Любляна,Любляна,Любляна,Любляна,Ljubljana,Lublaň,Ljubljana
188,Libreville,Лібрэвіль,Лібревіль,Либревиль,Либревил,Libreville,Libreville,Libreville
189,Lilongwe,Лілонгвэ,Лілонгве,Лилонгве,Лилонгве,Lilongwe,Lilongwe,Lilongwe
190,Lima,Ліма,Ліма,Лима,Лима,Lima,Lima,Lima
191,Lizbona,Лісабон,Лісабон,Лиссабон,Лисабон,Lizbona,Lisabon,Lisbon
192,Mogadiszu,Магадзіша,Могадішо,Могадишо,Могадишу,Mogadiš,Mogadišo,Mogadishu
193,Ćennaj,Чэнаі,Ченнаї,Ченнаи,Ченай,Chennai,Čennaí,Chennai
194,Madryt,Мадрыд,Мадрид,Мадрид,Мадрид,Madrid,Madrid,Madrid
195,Malabo,Малаба,Малабо,Малабо,Малабо,Malabo,Malabo,Malabo
196,Male,Мале,Мале,Мале,Мале,Malé,Male,Malé
197,Mombasa,Мамбаса,Момбаса,Момбаса,Момбаса,Mombasa,Mombasa,Mombasa
198,Manama,Манама,Манама,Манама,Манама,Manama,Manáma,Manama
199,Monrovia,Манровія,Монровія,Монровия,Монровия,Monrovija,Monrovia,Monrovia
200,Montreal,Манрэаль,Монреаль,Монреаль,Монреал,Montréal,Montréal,Montreal
201,Montevideo,Мантэвідэа,Монтевідео,Монтевидео,Монтевидео,Montevideo,Montevideo,Montevideo
202,Manila,Маніла,Маніла,Манила,Манила,Manila,Manila,Manila
203,Maputo,Мапуту,Мапуту,Мапуту,Мапуто,Maputo,Maputo,Maputo
204,Moroni,Мароні,Мороні,Морони,Морони,Moroni,Moroni,Moroni
205,Marsylia,Марсель,Марсель,Марсель,Марсилия,Marseille,Marseille,Marseille
206,Maseru,Масеру,Масеру,Масеру,Масеру,Maseru,Maseru,Maseru
207,Moskwa,Масква,Москва,Москва,Москва,Moskva,Moskva,Moscow
208,Mbabane,Мбабанэ,Мбабане,Мбабане,Мбабане,Mbabane,Mbabane,Mbabane
209,Mekka,Мекка,Мекка,Мекка,Мека,Meka,Mekka,Mecca
210,Melbourne,Мельбурн,Мельбурн,Мельбурн,Мелбърн,Melbourne,Melbourne,Melbourne
211,Meksyk,Мехіка,Мехіко,Мехико,Мексико,Ciudad de México,Ciudad de México,Mexico
212,Maskat,Маскат,Маскат,Маскат,Маскат,Muškat,Maskat,Muscat
213,Monachium,Мюнхен,Мюнхен,Мюнхен,Мюнхен,München,Mnichov,Munich
214,Mediolan,Мілан,Мілан,Милан,Милано,Milano,Milán,Milan
215,Niamey,Ніямей,Ніамей,Ниамей,Ниамей,Niamey,Niamey,Niamey
216,Nairobi,Найробі,Найробі,Найроби,Найроби,Nairobi,Nairobi,Nairobi
217,Nassau,Насау,Нассау,Нассау,Насау,Nassau,Nassau,Nassau
218,Ndżamena,Нджамена,Нджамена,Нджамена,Нджамена,N'Djamena,N'Djamena,N'Djamena
219,Neapol,Неапаль,Неаполь,Неаполь,Неапол,Neapelj,Neapol,Naples
220,Nawakszut,Нуакшот,Нуакшот,Нуакшот,Нуакшот,Nouakchott,Nuakšott,Nouakchott
221,Nukuʻalofa,Нукуалофа,Нукуалофа,Нукуалофа,Нукуалофа,Nukuʻalofa,Nuku'alofa,Nukuʻalofa
222,Nowe Delhi,Нью-Дэлі,Нью-Делі,Нью-Дели,Ню Делхи,New Delhi,Nové Dillí,New Delhi
223,Osaka,Осака,Осака,Осака,Осака,Osaka,Ósaka,Osaka
224,Oslo,Осла,Осло,Осло,Осло,Oslo,Oslo,Oslo
225,Palermo,Палерма,Палермо,Палермо,Палермо,Palermo,Palermo,Palermo
226,Palikir,Палікір,Палікір,Паликир,Паликир,Palikir,Palikir,Palikir
227,Panama,Панама,Панама,Панама,Панама,Panama,Panamá,Panama
228,Paramaribo,Парамарыба,Парамарибо,Парамарибо,Парамарибо,Paramaribo,Paramaribo,Paramaribo
229,Paryż,Парыж,Париж,Париж,Париж,Pariz,Paříž,Paris
230,Pekin,Пекін,Пекін,Пекин,Пекин,Peking,Peking,Beijing
231,Perth,Перт,Перт,Перт,Пърт,Perth,Perth,Perth
232,Phnom Penh,Пнампень,Пномпень,Пномпень,Пном Пен,Phnom Penh,Phnompenh,Phnom Penh
233,Poznań,Познань,Познань,Познань,Познан,Poznanj,Poznaň,Poznań
234,Port Vila,Порт-Віла,Порт-Віла,Порт-Вила,Порт Вила,Port Vila,Port Vila,Port Vila
235,Port Louis,Порт-Луі,Порт-Луї,Порт-Луи,Порт Луи,Port Louis,Port Louis,Port Louis
236,Port Moresby,Порт-Морсбі,Порт-Морсбі,Порт-Морсби,Порт Морсби,Port Moresby,Port Moresby,Port Moresby
237,Port-of-Spain,Порт-оф-Спейн,Порт-оф-Спейн,Порт-оф-Спейн,Порт ъф Спейн,Port of Spain,Port of Spain,Port of Spain
238,Porto-Novo,Порта-Нова,Порто-Ново,Порто-Ново,Порто Ново,Porto-Novo,Porto Novo,Porto-Novo
239,Praga,Прага,Прага,Прага,Прага,Praga,Praha,Prague
240,Praia,Прая,Прая,Прая,Прая,Praia,Praia,Praia
241,Pjongjang,Пхеньян,Пхеньян,Пхеньян,Пхенян,Pjongjang,Pchjongjang,Pyongyang
242,Rabat,Рабат,Рабат,Рабат,Рабат,Rabat,Rabat,Rabat
243,Rangun,Янгон,Янгон,Янгон,Янгон,Jangon,Rangún,Yangon
244,Rio de Janeiro,Рыа-дэ-Жанэйра,Ріо-де-Жанейро,Рио-де-Жанейро,Рио де Жанейро,Rio de Janeiro,Rio de Janeiro,Rio de Janeiro
245,Ryga,Рыга,Рига,Рига,Рига,Riga,Riga,Riga
246,Rzym,Рым,Рим,Рим,Рим,Rim,Řím,Rome
247,Rijad,Рыяд,Ер-Ріяд,Эр-Рияд,Рияд,Riad,Rijád,Riyadh
248,Reykjavík,Рэйк’явік,Рейк'явік,Рейкьявик,Рейкявик,Reykjavik,Reykjavík,Reykjavík
249,Ho Chi Minh,Сайгон,Хошимін,Хошимин,Хошимин,Hošiminh,Ho Či Minovo Město,Ho Chi Minh City
250,San Marino,Сан-Марына,Сан-Марино,Сан-Марино,Сан Марино,San Marino,San Marino,San Marino
251,São Paulo,Сан-Паулу,Сан-Паулу,Сан-Паулу,Сао Пауло,São Paulo,São Paulo,São Paulo
252,San Salvador,Сан-Сальвадор,Сан-Сальвадор,Сан-Сальвадор,Сан Салвадор,San Salvador,San Salvador,San Salvador
253,San José,Сан-Хасэ,Сан-Хосе,Сан-Хосе,Сан Хосе,San José,San José,San José
254,San Juan,Сан-Хуан,Сан-Хуан,Сан-Хуан,Сан Хуан,San Juan,San Juan,San Juan
255,Santiago,Сант’яга,Сантьяго,Сантьяго,Сантяго де Чиле,Santiago de Chile,Santiago de Chile,Santiago
256,Santo Domingo,Санта-Дамінга,Санто-Домінго,Санто-Доминго,Санто Доминго,Santo Domingo,Santo Domingo,Santo Domingo
257,Sarajewo,Сараева,Сараєво,Сараево,Сараево,Sarajevo,Sarajevo,Sarajevo
258,Sofia,Сафія,Софія,София,София,Sofija,Sofie,Sofia
259,Saint George’s,Сент-Джорджэс,Сент-Джорджес,Сент-Джорджес,Сейнт Джорджис,St. George's,Saint George's,St. George's
260,Seul,Сеул,Сеул,Сеул,Сеул,Seul,Soul,Seoul
261,Skopje,Скоп’е,Скоп'є,Скопье,Скопие,Skopje,Skopje,Skopje
262,Sztokholm,Стакгольм,Стокгольм,Стокгольм,Стокхолм,Stockholm,Stockholm,Stockholm
263,Stambuł,Стамбул,Стамбул,Стамбул,Истанбул,Carigrad,Istanbul,Istanbul
264,Strasburg,Страсбур,Страсбург,Страсбург,Страсбург,Strasbourg,Štrasburk,Strasbourg
265,Suva,Сува,Сува,Сува,Сува,Suva,Suva,Suva
266,Surabaja,Сурабая,Сурабая,Сурабая,Сурабая,Surabaja,Surabaja,Surabaya
267,Sydney,Сідней,Сідней,Сидней,Сидни,Sydney,Sydney,Sydney
268,Tallinn,Талін,Таллінн,Таллин,Талин,Talin,Tallinn,Tallinn
269,Tanger,Танжэр,Танжер,Танжер,Танжер,Tanger,Tanger,Tangier
270,Toronto,Таронта,Торонто,Торонто,Торонто,Toronto,Toronto,Toronto
271,Taszkent,Ташкент,Ташкент,Ташкент,Ташкент,Taškent,Taškent,Tashkent
272,Tbilisi,Тбілісі,Тбілісі,Тбилиси,Тбилиси,Tbilisi,Tbilisi,Tbilisi
273,Tokio,Токіа,Токіо,Токио,Токио,Tokio,Tokio,Tokyo
274,Trypolis,Трыпалі,Триполі,Триполи,Триполи,Tripoli,Tripolis,Tripoli
275,Tunis,Туніс,Туніс,Тунис,Тунис,Tunis,Tunis,Tunisia
276,Turyn,Турын,Турин,Турин,Торино,Torino,Turín,Turin
277,Tirana,Тырана,Тирана,Тирана,Тирана,Tirana,Tirana,Tirana
278,Teheran,Тэгеран,Тегеран,Тегеран,Техеран,Teheran,Teherán,Tehran
279,Tegucigalpa,Тэгусігальпа,Тегусігальпа,Тегусигальпа,Тегусигалпа,Tegucigalpa,Tegucigalpa,Tegucigalpa
280,Tel Awiw-Jafa,Тэль-Авіў,Тель-Авів,Тель-Авив,Тел Авив,Tel Aviv,Tel Aviv,Tel Aviv
281,Wagadugu,Уагадугу,Уагадугу,Уагадугу,Уагадугу,Ouagadougou,Ouagadougou,Ouagadougou
282,Władywostok,Уладзівасток,Владивосток,Владивосток,Владивосток,Vladivostok,Vladivostok,Vladivostok
283,Ułan Bator,Улан-Батар,Улан-Батор,Улан-Батор,Улан Батор,Ulan Bator,Ulánbátar,Ulaanbaatar
284,Walvis Bay,Уолвіш-Бей,Волфіш-Бей,Уолфиш-Бей,Уолфиш Бей,Zaliv kitov,Walvis Bay,Walvis Bay
285,Saloniki,Салонікі,Салоніки,Салоники,Солун,Solun,Soluň,Thessaloniki
286,Florencja,Фларэнцыя,Флоренція,Флоренция,Флоренция,Firence,Florencie,Florence
287,Frankfurt nad Menem,Франкфурт-на-Майне,Франкфурт-на-Майні,Франкфурт-на-Майне,Франкфурт на Майн,Frankfurt ob Majni,Frankfurt nad Mohanem,Frankfurt
288,Freetown,Фрытаўн,Фрітаун,Фритаун,Фрийтаун,Freetown,Freetown,Freetown
289,Chabarowsk,Хабараўск,Хабаровськ,Хабаровск,Хабаровск,Habarovsk,Chabarovsk,Khabarovsk
290,Hanoi,Ханой,Ханой,Ханой,Ханой,Hanoj,Hanoj,Hanoi
291,Harare,Харарэ,Хараре,Хараре,Хараре,Harare,Harare,Harare
292,Chartum,Хартум,Хартум,Хартум,Хартум,Kartum,Chartúm,Khartoum
293,Helsinki,Хельсінкі,Гельсінкі,Хельсинки,Хелзинки,Helsinki,Helsinky,Helsinki
294,Zurych,Цурых,Цюрих,Цюрих,Цюрих,Zürich,Curych,Zürich
295,Szanghaj,Шанхай,Шанхай,Шанхай,Шанхай,Šanghaj,Šanghaj,Shanghai
296,Stuttgart,Штутгарт,Штутгарт,Штутгарт,Щутгарт,Stuttgart,Stuttgart,Stuttgart
297,Edynburg,Эдзінбург,Единбург,Эдинбург,Единбург,Edinburg,Edinburgh,Edinburgh
298,Yaren,Ярэн,Ярен,Ярен,Ярен,Yaren,Yaren,Yaren District
299,Jaunde,Яўндэ,Яунде,Яунде,Яунде,Yaoundé,Yaoundé,Yaoundé
300,Tyraspol,Ціраспаль,Тирасполь,Тирасполь,Тираспол,Tiraspol,Tiraspol,Tiraspol
301,Sewastopol,Севастопаль,Севастополь,Севастополь,Севастопол,Sevastopol,Sevastopol,Sevastopol
302,Tomsk,Томск,Томськ,Томск,Томск,Tomsk,Tomsk,Tomsk
303,Samara,Самара,Самара,Самара,Самара,Samara,Samara,Samara
304,Omsk,Омск,Омськ,Омск,Омск,Omsk,Omsk,Omsk
305,Pietropawłowsk Kamczacki,Петрапаўлаўск-Камчацкі,Петропавловськ-Камчатський,Петропавловск-Камчатский,Петропавловск Камчатски,Petropavlovsk-Kamčatski,Petropavlovsk-Kamčatskij,Petropavlovsk-Kamchatsky
306,Miasto,Горад,Місто,Город,Град,Mesto,Město,City
307,Tobolsk,Табольск,Тобольськ,Тобольск,Тоболск,Tobolsk,Tobolsk,Tobolsk
308,Szlachta w Polsce,Шляхта,Польська шляхта,Шляхта,Шляхта,Šlahta,Szlachta,Szlachta
309,Smoleńsk,Смаленск,Смоленськ,Смоленск,Смоленск,Smolensk,Smolensk,Smolensk
310,Novo Mesto,Нова-Места,Ново Место,Ново-Место,Ново место,Novo mesto,Novo mesto,Novo Mesto
311,Stolica,Сталіца,Столиця,Столица,Столица,Glavno mesto,Hlavní město,Capital city
312,Rzeczpospolita Obojga Narodów,Рэч Паспалітая,Річ Посполита,Речь Посполитая,Жечпосполита,Republika obeh narodov,Polsko-litevská unie,Polish–Lithuanian Commonwealth
313,Język polski,Польская мова,Польська мова,Польский язык,Полски език,Poljščina,Polština,Polish language
314,Wielkie Księstwo Litewskie,Вялікае Княства Літоўскае,Велике князівство Литовське,Великое княжество Литовское,Велико литовско княжество,Velika litovska kneževina,Litevské velkoknížectví,Grand Duchy of Lithuania
315,St. Petersburg,Сент-Пітэрсберг,Сент-Пітерсберг,Сент-Питерсберг,Сейнт Питърсбърг,Saint Petersburg,St. Petersburg,St. Petersburg
316,Szkocja,Шатландыя,Шотландія,Шотландия,Шотландия,Škotska,Skotsko,Scotland
317,Filadelfia,Філадэльфія,Філадельфія,Филадельфия,Филаделфия,Filadelfija,Filadelfie,Philadelphia
318,Puebla,Эроіка-Пуэбла-дэ-Сарагоса,Пуебла,Пуэбла-де-Сарагоса,Пуебла,Puebla de Zaragoza,Puebla,Puebla
319,Półwysep Krymski,Крым,Крим,Крым,Крим,Krim,Krym,Crimea
320,Detroit,Дэтройт,Детройт,Детройт,Детройт,Detroit,Detroit,Detroit
321,Cchinwali,Цхінвалі,Цхінвалі,Цхинвал,Цхинвали,Chinval,Cchinvali,Tskhinvali
322,Zhengzhou,Чжэнчжоу,Чженчжоу,Чжэнчжоу,Джънджоу,Džengdžov,Čeng-čou,Zhengzhou
323,Port-au-Prince,Порт-о-Прэнс,Порт-о-Пренс,Порт-о-Пренс,Порт о Пренс,Port-au-Prince,Port-au-Prince,Port-au-Prince
324,Chorwacja,Харватыя,Хорватія,Хорватия,Хърватия,Hrvaška,Chorvatsko,Croatia
325,Bułgaria,Балгарыя,Болгарія,Болгария,България,Bolgarija,Bulharsko,Bulgaria
326,Thorshavn,Торсхаўн,Торсгавн,Торсхавн,Торсхавн,Tórshavn,Tórshavn,Tórshavn
327,Związek Socjalistycznych Republik Radzieckich,СССР,Союз Радянських Соціалістичних Республік,Союз Советских Социалистических Республик,Съюз на съветските социалистически републики,Sovjetska zveza,Sovětský svaz,Soviet Union
328,Rusini karpaccy,Русіны,Русини,Русины,Русини,Rusini,Rusíni,Rusyns
329,Jamajka,Ямайка,Ямайка,Ямайка,Ямайка,Jamajka,Jamajka,Jamaica
330,Łotwa,Латвія,Латвія,Латвия,Латвия,Latvija,Lotyšsko,Latvia
331,Andora,Андора,Андорра,Андорра,Андора,Andora,Andorra,Andorra
332,Baranowicze,Баранавічы,Барановичі,Барановичи,Барановичи,Baranaviči,Baranavičy,Baranavichy
333,Uljanowsk,Ульянаўск,Ульяновськ,Ульяновск,Уляновск,Uljanovsk,Uljanovsk,Ulyanovsk
334,Białystok,Беласток,Білосток,Белосток,Бялисток,Białystok,Bělostok,Białystok
335,Hajnówka,Гайнаўка,Гайнівка,Хайнувка,Хайнувка,Hajnówka,Hajnówka,Hajnówka
336,Wenecja,Венецыя,Венеція,Венеция,Венеция,Benetke,Benátky,Venice
337,Ameryka Południowa,Паўднёвая Амерыка,Південна Америка,Южная Америка,Южна Америка,Južna Amerika,Jižní Amerika,South America
338,Połock,Полацк,Полоцьк,Полоцк,Полоцк,Polock,Polock,Polotsk
339,Unia brzeska,Берасцейская унія,Берестейська унія,Брестская уния,Брестка уния,Brestlitovska unija,Brestlitevská unie,Union of Brest
340,Polesie,Палессе,Полісся,Полесье,Полесия,Polesje,Polesí,Polesia
341,Starożytny Egipt,Старажытны Егіпет,Стародавній Єгипет,Древний Египет,Древен Египет,Stari Egipt,Starověký Egypt,Ancient Egypt
342,Saint Lucia,Сен-Люсія,Сент-Люсія,Сент-Люсия,Сейнт Лусия,Sveta Lucija,Svatá Lucie,Saint Lucia
343,Kłajpeda,Мемель,Клайпеда,Клайпеда,Клайпеда,Klajpeda,Klaipėda,Klaipėda
344,Sahara,Сахара,Сахара,Сахара,Сахара,Sahara,Sahara,Sahara
345,Pylos,Пілас,Пілос,Пилос,Пилос,Pilos,Pylos,Pylos
346,Słowenia,Славенія,Словенія,Словения,Словения,Slovenija,Slovinsko,Slovenia
347,Prypeć,Прыпяць,Прип'ять,Припять,Припят,Pripet,Pripjať,Pripyat
348,Murmańsk,Мурманск,Мурманськ,Мурманск,Мурманск,Murmansk,Murmansk,Murmansk
349,Briańsk,Бранск,Брянськ,Брянск,Брянск,Brjansk,Brjansk,Bryansk
350,Ushuaia,Ушуая,Усвая,Ушуая,Ушуая,Ushuaia,Ushuaia,Ushuaia
351,Perm,Перм,Перм,Пермь,Перм,Perm,Perm,Perm
352,Narwa,Нарва,Нарва,Нарва,Нарва,Narva,Narva,Narva
353,Estonia,Эстонія,Естонія,Эстония,Естония,Estonija,Estonsko,Estonia
354,Węgry,Венгрыя,Угорщина,Венгрия,Унгария,Madžarska,Maďarsko,Hungary
355,Słowacja,Славакія,Словаччина,Словакия,Словакия,Slovaška,Slovensko,Slovakia
356,Finlandia,Фінляндыя,Фінляндія,Финляндия,Финландия,Finska,Finsko,Finland
357,Mołdawia,Малдова,Молдова,Молдавия,Молдова,Moldavija,Moldavsko,Moldova
358,Troki,Тракай,Тракай,Тракай,Тракай,Trakai,Trakai,Trakai
359,Ukraińcy,Украінцы,Українці,Украинцы,Украинци,Ukrajinci,Ukrajinci,Ukrainians
360,Bielce,Бэлць,Бєльці,Бельцы,Белци,Bălți,Bălți,Bălți
361,Portugalia,Партугалія,Португалія,Португалия,Португалия,Portugalska,Portugalsko,Portugal
362,Irlandia,Ірландыя,Ірландія,Ирландия,Ирландия,Irska,Irsko,Republic of Ireland
363,Nowosybirsk,Новасібірск,Новосибірськ,Новосибирск,Новосибирск,Novosibirsk,Novosibirsk,Novosibirsk
364,Cypr,Кіпр,Кіпр,Республика Кипр,Република Кипър,Ciper,Kypr,Cyprus
365,Kurytyba,Курытыба,Куритиба,Куритиба,Куритиба,Curitiba,Curitiba,Curitiba
366,Namibia,Намібія,Намібія,Намибия,Намибия,Namibija,Namibie,Namibia
367,Damaszek,Дамаск,Дамаск,Дамаск,Дамаск,Damask,Damašek,Damascus
368,Kazachstan,Казахстан,Казахстан,Казахстан,Казахстан,Kazahstan,Kazachstán,Kazakhstan
369,Lwów,Львоў,Львів,Львов,Лвов,Lvov,Lvov,Lviv
370,Armenia,Арменія,Вірменія,Армения,Армения,Armenija,Arménie,Armenia
371,Zatoka Bengalska,Бенгальскі заліў,Бенгальська затока,Бенгальский залив,Бенгалски залив,Bengalski zaliv,Bengálský záliv,Bay of Bengal
372,Turkmenistan,Туркменістан,Туркменістан,Туркмения,Туркменистан,Turkmenistan,Turkmenistán,Turkmenistan
373,Uzbekistan,Узбекістан,Узбекистан,Узбекистан,Узбекистан,Uzbekistan,Uzbekistán,Uzbekistan
374,Kirgistan,Кыргызстан,Киргизстан,Киргизия,Киргизстан,Kirgizistan,Kyrgyzstán,Kyrgyzstan
375,Tadżykistan,Таджыкістан,Таджикистан,Таджикистан,Таджикистан,Tadžikistan,Tádžikistán,Tajikistan
376,Murom,Мурам,Муром,Муром,Муром,Murom,Murom,Murom
377,Nowogród Wielki,Вялікі Ноўгарад,Великий Новгород,Великий Новгород,Велики Новгород,Veliki Novgorod,Veliký Novgorod,Veliky Novgorod
378,Anadyr,Анадыр,Анадир,Анадырь,Анадир,Anadir,Anadyr,Anadyr
379,Argun,Аргун,Аргун,Аргун,Аргун,Argun,Argun,Argun
380,Wrocław,Уроцлаў,Вроцлав,Вроцлав,Вроцлав,Vroclav,Vratislav,Wrocław
381,Ottawa,Атава,Оттава,Оттава,Отава,Ottawa,Ottawa,Ottawa
382,Gatczyna,Гатчына,Гатчина,Гатчина,Гатчина,Gatčina,Gatčina,Gatchina
383,Naypyidaw,Найп’іда,Найп'їдо,Нейпьидо,Найпидо,Nepjido,Neipyijto,Naypyidaw
384,Ułan Ude,Улан-Удэ,Улан-Уде,Улан-Удэ,Улан Уде,Ulan-Ude,Ulan-Ude,Ulan-Ude
385,Palmyra,Пальміра,Пальміра,Пальмира,Палмира,Palmira,Palmýra,Palmyra
386,Krasnojarsk,Краснаярск,Красноярськ,Красноярск,Красноярск,Krasnojarsk,Krasnojarsk,Krasnoyarsk
387,Czernogorsk,Чарнагорск,Чорногорськ,Черногорск,Черногорск,Černogorsk,Černogorsk,Chernogorsk
388,Sajanogorsk,Саянагорск,Саяногорськ,Саяногорск,Саяногорск,Sajanogorsk,Sajanogorsk,Sayanogorsk
389,Abaza,Абаза,Абаза,Абаза,Абаза,Abaza,Abaza,Abaza
390,Abakan,Абакан,Абакан,Абакан,Абакан,Abakan,Abakan,Abakan
391,Iszym,Ішым,Ішим,Ишим,Ишим,Išim,Išim,Ishim
392,Tiumeń,Цюмень,Тюмень,Тюмень,Тюмен,Tjumen,Ťumeň,Tyumen
393,Chanty-Mansyjsk,Ханты-Мансійск,Ханти-Мансійськ,Ханты-Мансийск,Ханти-Мансийск,Hanti-Mansijsk,Chanty-Mansijsk,Khanty-Mansiysk
394,Salechard,Салехард,Салехард,Салехард,Салехард,Salehard,Salechard,Salekhard
395,Bierdsk,Бердск,Бердськ,Бердск,Бердск,Berdsk,Berdsk,Berdsk
396,Iskitim,Іскіцім,Іскітим,Искитим,Искитим,Iskitim,Iskitim,Iskitim
397,Kujbyszew,Куйбышаў,Куйбишев,Куйбышев,Куйбишев,Kujbišev,Kujbyšev,Samara
398,Suchumi,Сухумі,Сухумі,Сухум,Сухуми,Akva,Suchumi,Sukhumi
399,Gagra,Гагра,Гагра,Гагра,Гагра,Gagra,Gagra,Gagra
400,Bijsk,Бійск,Бійськ,Бийск,Бийск,Bijsk,Bijsk,Biysk
401,Barnauł,Барнаул,Барнаул,Барнаул,Барнаул,Barnaul,Barnaul,Barnaul
402,Trydent,Трэнта,Тренто,Тренто,Тренто,Trento,Trento,Trento
403,Galicja,Галічына,Галичина,Галиция,Галиция,Galicija,Halič,Galicia
404,Uetersen,Ютэрзен,Ютерзен,Итерзен,Ютерзен,Uetersen,Uetersen,Uetersen
405,Sumer,Шумер,Шумер,Шумер,Шумер,Sumerija,Sumer,Sumer
406,Królestwo Partów,Парфянскае царства,Парфянське царство,Парфянское царство,Партско царство,Partsko cesarstvo,Parthská říše,Parthian Empire
407,Związek Achajski,Ахейскі саюз,Ахейський союз,Ахейский союз,Ахейски съюз,Ahajska zveza,Achajský spolek,Achaean League
408,Asyria,Асірыя,Ассирія,Ассирия,Асирия,Asirija,Asýrie,Assyria
409,Starożytna Macedonia,Старажытная Македонія,Стародавня Македонія,Древняя Македония,Древна Македония,Makedonija,Makedonie,Macedonia
410,Bendery,Бендэр,Бендери,Бендеры,Бендери,Bender,Tighina,Bender
411,Mali,Малі,Малі,Мали,Мали,Mali,Mali,Mali
412,Republika Zielonego Przylądka,Каба-Вердэ,Кабо-Верде,Кабо-Верде,Кабо Верде,Zelenortski otoki,Kapverdy,Cape Verde
413,Ekwador,Эквадор,Еквадор,Эквадор,Еквадор,Ekvador,Ekvádor,Ecuador
414,Fenicja,Фінікія,Фінікія,Финикия,Финикия,Fenicija,Fénicie,Phoenicia
415,Imperium Sasanidów,Дзяржава Сасанідаў,Держава Сасанідів,Государство Сасанидов,Сасанидска империя,Sasanidsko cesarstvo,Sásánovská říše,Sasanian Empire
416,Chaldejczycy,Халдзеі,Халдеї,Халдеи,Халдейска династия,Kaldeja,Chaldea,Neo-Babylonian Empire
417,Dniestr,Днестр,Дністер,Днестр,Днестър,Dnester,Dněstr,Dniester
418,Akad,Акадэ,Аккад,Аккад,Акад,Akad,Akkad,Akkadian Empire
419,Baktria,Бактрыя,Бактрія,Бактрия,Бактрия,Baktrija,Baktrie,Bactria
420,Sofia Rotaru,Сафія Міхайлаўна Ратару,Ротару Софія Михайлівна,"Ротару, София Михайловна",София Ротару,Sofia Rotaru,Sofia Rotaru,Sofia Rotaru
421,Taras Szewczenko,Тарас Рыгоравіч Шаўчэнка,Шевченко Тарас Григорович,"Шевченко, Тарас Григорьевич",Тарас Шевченко,Taras Ševčenko,Taras Ševčenko,Taras Shevchenko
422,Złota Orda,Залатая Арда,Золота Орда,Золотая Орда,Златна орда,Zlata horda,Zlatá horda,Golden Horde
423,Iwan Mazepa,Іван Мазепа,Іван Мазепа,"Мазепа, Иван Степанович",Иван Мазепа,Ivan Mazepa,Ivan Mazepa,Ivan Mazepa
424,Hebron,Хеўрон,Хеврон,Хеврон,Хеброн,Hebron,Hebron,Hebron
425,Półwysep Arabski,Аравія,Аравійський півострів,Аравийский полуостров,Арабски полуостров,Arabski polotok,Arabský poloostrov,Arabian Peninsula
426,Hrywna,Украінская грыўня,Гривня,Украинская гривна,Украинска гривна,Ukrajinska grivna,Ukrajinská hřivna,Ukrainian hryvnia
427,Ukraińska Republika Ludowa,Украінская Народная Рэспубліка,Українська Народна Республіка,Украинская Народная Республика,Украинска народна република,Ukrajinska ljudska republika,Ukrajinská lidová republika,Ukrainian People's Republic
428,Inflanty,Лівонія,Лівонія,Ливония,Ливония,Livonija,Livonsko,Livonia
429,Księstwo Kurlandii i Semigalii,Курляндскае і Земгальскае герцагства,Герцогство Курляндії і Семигалії,Курляндия и Семигалия,Курландия и Семигалия,Vojvodstvo Kurlandija in Semgalija,Kuronské a zemgalské vévodství,Duchy of Courland and Semigallia
430,Nowy Orlean,Новы Арлеан,Новий Орлеан,Новый Орлеан,Ню Орлиънс,New Orleans,New Orleans,New Orleans
431,Kowno,Каўнас,Каунас,Каунас,Каунас,Kaunas,Kaunas,Kaunas
432,Nauru,Науру,Науру,Науру,Науру,Nauru,Nauru,Nauru
433,Czelabińsk,Чалябінск,Челябінськ,Челябинск,Челябинск,Čeljabinsk,Čeljabinsk,Chelyabinsk
434,Osetia Południowa,Паўднёвая Асеція,Південна Осетія,Южная Осетия,Южна Осетия,Južna Osetija,Jižní Osetie,South Ossetia
435,Troja,Троя,Троя,Троя,Троя,Troja,Trója,Troy
436,Majkop,Майкоп,Майкоп,Майкоп,Майкоп,Majkop,Majkop,Maykop
437,Derbent,Дзербент,Дербент,Дербент,Дербент,Derbent,Derbent,Derbent
438,Machaczkała,Махачкала,Махачкала,Махачкала,Махачкала,Mahačkala,Machačkala,Makhachkala
439,Księstwo Aten,Герцагства Афінскае,Афінське герцогство,Афинское герцогство,Атинско херцогство,Atenska vojvodina,Athénské vévodství,Duchy of Athens
440,Królestwo Tesaloniki,Каралеўства Фесалонікі,Королівство Фессалоніки,Королевство Фессалоники,Солунско кралство,Solunsko kraljestvo,Soluňské království,Kingdom of Thessalonica
441,Patras,Патры,Патри,Патры,Патра,Patras,Patra,Patras
442,Larisa,"Ларыса, горад",Лариса,Лариса,Лариса,Larisa,Larisa,Larissa
443,Niniwa,Ніневія,Ніневія,Ниневия,Ниневия,Ninive,Ninive,Nineveh
444,Babilon,Вавілон,Вавилон,Вавилон,Вавилон,Babilon,Babylón,Babylon
445,Nowy Sad,Нові-Сад,Новий Сад,Нови-Сад,Нови Сад,Novi Sad,Novi Sad,Novi Sad
446,Charków,Харкаў,Харків,Харьков,Харков,Harkov,Charkov,Kharkiv
447,Prisztina,Прышціна,Приштина,Приштина,Прищина,Priština,Priština,Pristina
448,Užice,Ужыце,Ужиці,Ужице,Ужице,Užice,Užice,Užice
449,Podgorica,Падгорыца,Подгориця,Подгорица,Подгорица,Podgorica,Podgorica,Podgorica
450,Kragujevac,Крагуевац,Крагуєваць,Крагуевац,Крагуевац,Kragujevac,Kragujevac,Kragujevac
451,Państwo wielkomorawskie,Вялікая Маравія,Велика Моравія,Великая Моравия,Великоморавия,Velikomoravska,Velkomoravská říše,Great Moravia
452,Nisz,Ніш,Ниш,Ниш,Ниш,Niš,Niš,Niš
453,Bor,Бор,Бор,Бор,Бор,Bor,Bor,Pine
454,Sombor,Сомбар,Сомбор,Сомбор,Сомбор,Sombor,Sombor,Sombor
455,Subotica,Субоціца,Суботиця,Суботица,Суботица,Subotica,Subotica,Subotica
456,Leskovac,Лескавац,Лесковац,Лесковац,Лесковац,Leskovac,Leskovac,Leskovac
457,Maribor,Марыбар,Марибор,Марибор,Марибор,Maribor,Maribor,Maribor
458,Celje,Цэле,Целє,Целе,Целе,Celje,Celje,Celje
459,Kranj,Крань,Крань,Крань,Кран,Kranj,Kranj,Crane
460,Velenje,Вяленье,Веленє,Веленье,Велене,Velenje,Velenje,Velenje
461,Koper,Копер,Копер,Копер,Копер,Koper,Koper,Koper
462,Ptuj,Птуй,Птуй,Птуй,Птуй,Ptuj,Ptuj,Ptuj
463,Nova Gorica,Нова-Горыца,Нова Гориця,Нова-Горица,Нова Горица,Nova Gorica,Nova Gorica,Nova Gorica
464,Psków,Пскоў,Псков,Псков,Псков,Pskov,Pskov,Pskov
465,Orzeł,Арол,Орел,Орёл,Орел,Orjol,Orel,Eagle
466,Lipieck,Ліпецк,Липецьк,Липецк,Липецк,Lipeck,Lipeck,Lipetsk
467,Rijeka,Рыека,Рієка,Риека,Риека,Reka,Rijeka,Rijeka
468,Zadar,Задар,Задар,Задар,Задар,Zadar,Zadar,Zadar
469,Karantania,Карантанія,Карантанія,Карантания,Карантания,Karantanija,Karantánie,Carantania
470,Reims,Рэймс,Реймс,Реймс,Реймс,Reims,Remeš,Reims
471,Andrijevica,Андрыевіца,Андрієвиця,Андриевица,Андриевица,Andrijevica,Andrijevica,Andrijevica
472,Wyżyna Środkoworosyjska,Сярэднярускае ўзвышша,Середньоросійська височина,Среднерусская возвышенность,Средноруско възвишение,Srednjerusko višavje,Středoruská vysočina,Central Russian Upland
473,Wyspy Brytyjskie,Брытанскія астравы,Британські острови,Британские острова,Британски острови,Britansko otočje,Britské ostrovy,British Isles
474,Wyspy Normandzkie,Нармандскія астравы,Нормандські острови,Нормандские острова,Нормандски острови,Kanalski otoki,Normanské ostrovy,Channel Islands
475,Jersey,Джэрсі,Джерсі,Джерси,Джърси,Jersey,Jersey,Jersey
476,Gibraltar,Гібралтар,Гібралтар,Гибралтар,Гибралтар,Gibraltar,Gibraltar,Gibraltar
477,Ziemia Franciszka Józefa,Зямля Франца-Іосіфа,Земля Франца-Йосифа,Земля Франца-Иосифа,Земя на Франц Йосиф,Dežela Franca Jožefa,Země Františka Josefa,Franz Josef Land
478,Rotterdam,Ратэрдам,Роттердам,Роттердам,Ротердам,Rotterdam,Rotterdam,Rotterdam
479,Haga,Гаага,Гаага,Гаага,Хага,Haag,Haag,The Hague
480,Breda,Брэда,Бреда,Бреда,Бреда,Breda,Breda,Breda
481,Leeuwarden,Леўвардэн,Леуварден,Леуварден,Леуварден,Leeuwarden,Leeuwarden,Leeuwarden
482,Żeleznogorsk,Жалезнагорск,Желєзногорськ,Железногорск,Железногорск,Železnogorsk,Železnogorsk,Zheleznogorsk
483,Rylsk,Рыльск,Рильськ,Рыльск,Рилск,Rilsk,Rylsk,Rylsk
484,Kursk,Курск,Курськ,Курск,Курск,Kursk,Kursk,Kursk
485,Liverpool,Ліверпуль,Ліверпуль,Ливерпуль,Ливърпул,Liverpool,Liverpool,Liverpool
486,Manchester,Манчэстэр,Манчестер,Манчестер,Манчестър,Manchester,Manchester,Manchester
487,Arnhem,Арнэм,Арнем,Арнем,Арнем,Arnhem,Arnhem,Arnhem
488,Haarlem,Харлем,Гарлем,Харлем,Харлем,Haarlem,Haarlem,Haarlem
489,Nijmegen,Неймеген,Неймеген,Неймеген,Неймеген,Nijmegen,Nijmegen,Nijmegen
490,Apeldoorn,Апелдорн,Апелдорн,Апелдорн,Апелдорн,Apeldoorn,Apeldoorn,Apeldoorn
491,Maastricht,Маастрыхт,Маастрихт,Маастрихт,Маастрихт,Maastricht,Maastricht,Maastricht
492,Český Krumlov,Чэскі-Крумлаў,Чеський Крумлов,Чески-Крумлов,Чески Крумлов,Český Krumlov,Český Krumlov,Český Krumlov
493,Zlin,Злін,Злін,Злин,Злин,Zlín,Zlín,Zlín
494,Oman,Аман,Оман,Оман,Оман,Oman,Omán,Oman
495,Angola,Ангола,Ангола,Ангола,Ангола,Angola,Angola,Angola
496,Antigua i Barbuda,Антыгуа і Барбуда,Антигуа і Барбуда,Антигуа и Барбуда,Антигуа и Барбуда,Antigva in Barbuda,Antigua a Barbuda,Antigua and Barbuda
497,Bahrajn,Бахрэйн,Бахрейн,Бахрейн,Бахрейн,Bahrajn,Bahrajn,Bahrain
498,Botswana,Батсвана,Ботсвана,Ботсвана,Ботсвана,Bocvana,Botswana,Botswana
499,Burkina Faso,Буркіна-Фасо,Буркіна-Фасо,Буркина-Фасо,Буркина Фасо,Burkina Faso,Burkina Faso,Burkina Faso
500,Barbados,Барбадас,Барбадос,Барбадос,Барбадос,Barbados,Barbados,Barbados
501,Burundi,Бурундзі,Бурунді,Бурунди,Бурунди,Burundi,Burundi,Burundi
502,Benin,Бенін,Бенін,Бенин,Бенин,Benin,Benin,Benin
503,Haiti,Гаіці,Гаїті,Республика Гаити,Хаити,Haiti,Haiti,Haiti
504,Gabon,Габон,Габон,Габон,Габон,Gabon,Gabon,Gabon
505,Porto,Порту,Порту,Порту,Порто,Porto,Porto,Porto
506,Timor Wschodni,Усходні Тымор,Східний Тимор,Восточный Тимор,Източен Тимор,Vzhodni Timor,Východní Timor,East Timor
507,Antiochia,Антак’я,Антак'я,Антакья,Антакия,Antakya,Antakya,Antakya
508,Jemen,Емен,Ємен,Йемен,Йемен,Jemen,Jemen,Yemen
509,Łódź,Лодзь,Лодзь,Лодзь,Лодз,Lodž,Lodž,Łódź
510,Szczecin,Шчэцін,Щецин,Щецин,Шчечин,Szczecin,Štětín,Szczecin
511,Jaworzno,Явожна,Явожно,Явожно,Явожно,Jaworzno,Jaworzno,Jaworzno
512,Zielona Góra,Зялёна Гура,Зелена Гура,Зелёна-Гура,Жельона Гура,Zielona Góra,Zielona Góra,Zielona Góra
513,Katar,Катар,Катар,Катар,Катар,Katar,Katar,Qatar
514,Cesarstwo Trapezuntu,Трапезундская імперыя,Трапезундська імперія,Трапезундская империя,Трапезундска империя,Trapezundsko cesarstvo,Trapezuntské císařství,Empire of Trebizond
515,Bizancjum,Візантый,Візантій,Византий,Византион,Bizanc,Byzantion,Byzantium
516,Piza,Піза,Піза,Пиза,Пиза,Pisa,Pisa,Pisa
517,Kuwejt,Кувейт,Кувейт,Кувейт,Кувейт,Kuvajt,Kuvajt,Kuwait
518,Woroneż,Варонеж,Воронеж,Воронеж,Воронеж,Voronež,Voroněž,Voronezh
519,Astrachań,Астрахань,Астрахань,Астрахань,Астрахан,Astrahan,Astrachaň,Astrakhan
520,Wołgograd,Валгаград,Волгоград,Волгоград,Волгоград,Volgograd,Volgograd,Volgograd
521,Krasnodar,Краснадар,Краснодар,Краснодар,Краснодар,Krasnodar,Krasnodar,Krasnodar
522,Soczi,Сочы,Сочі,Сочи,Сочи,Soči,Soči,Sochi
523,Royan,Руаян,Руаян,Руайан,Роаян,Royan,Royan,Royan
524,Sicz Zaporoska,Запарожская Сеч,Запорозька Січ,Запорожская Сечь,Запорожка Сеч,Zaporoška Seč,Záporožská Sič,Zaporozhian Sich
525,Azow,Азоў,Азов,Азов,Азов,Azov,Azov,Azov
526,Toruń,Торунь,Торунь,Торунь,Торун,Torunj,Toruň,Toruń
527,Tajpej,Тайбэй,Тайбей,Тайбэй,Тайпе,Tajpej,Tchaj-pej,Taipei
528,Taganrog,Таганрог,Таганрог,Таганрог,Таганрог,Taganrog,Taganrog,Taganrog
529,Rostów nad Donem,Растоў-на-Доне,Ростов-на-Дону,Ростов-на-Дону,Ростов на Дон,Rostov na Donu,Rostov na Donu,Rostov-on-Don
530,Zgierz,Згеж,Згеж,Згеж,Згеж,Zgierz,Zgierz,Zgierz
531,Hetman,Гетман,Гетьман,Гетман,Хетман,Hetman,Hejtman,Hetman
532,Hospodarstwo Mołdawskie,Малдаўскае княства,Молдавське князівство,Молдавское княжество,Княжество Молдова,Kneževina Moldavija,Moldavské knížectví,Principality of Moldavia
533,Saratów,Саратаў,Саратов,Саратов,Саратов,Saratov,Saratov,Saratov
534,Wotkińsk,Воткінск,Воткінськ,Воткинск,Воткинск,Votkinsk,Votkinsk,Votkinsk
535,Sarańsk,Саранск,Саранськ,Саранск,Саранск,Saransk,Saransk,Saransk
536,Andora,Андора-ла-Велья,Андорра-ла-Велья,Андорра-ла-Велья,Андора ла Веля,Andorra la Vella,Andorra la Vella,Andorra la Vella
537,Delhi,Дэлі,Делі,Дели,Делхи,Delhi,Dillí,Delhi
538,Kazań,Казань,Казань,Казань,Казан,Kazan,Kazaň,Kazan
539,Ufa,Уфа,Уфа,Уфа,Уфа,Ufa,Ufa,Ufa
540,Mongolia,Манголія,Монголія,Монголия,Монголия,Mongolija,Mongolsko,Mongolia
541,Laos,Лаос,Лаос,Лаос,Лаос,Laos,Laos,Laos
542,Królestwo Jerozolimskie,Іерусалімскае каралеўства,Єрусалимське королівство,Иерусалимское королевство,Йерусалимско кралство,Jeruzalemsko kraljestvo,Jeruzalémské království,Kingdom of Jerusalem
543,Twer,Цвер,Твер,Тверь,Твер,Tver,Tver,Tver
544,Urugwaj,Уругвай,Уругвай,Уругвай,Уругвай,Urugvaj,Uruguay,Uruguay
545,Paragwaj,Парагвай,Парагвай,Парагвай,Парагвай,Paragvaj,Paraguay,Paraguay
546,Nepal,Непал,Непал,Непал,Непал,Nepal,Nepál,Nepal
547,Nikozja,Нікасія,Нікосія,Никосия,Никозия,Nikozija,Nikósie,Nicosia
548,Wielki głód na Ukrainie,Галадамор,Голодомор в Україні,Голодомор на Украине,Гладомор,Gladomor,Hladomor na Ukrajině,Holodomor
549,Bhutan,Бутан,Бутан,Бутан,Бутан,Butan,Bhútán,Bhutan
550,Zjednoczone Emiraty Arabskie,Аб’яднаныя Арабскія Эміраты,Об'єднані Арабські Емірати,Объединённые Арабские Эмираты,Обединени арабски емирства,Združeni arabski emirati,Spojené arabské emiráty,United Arab Emirates
551,Gujana,Гаяна,Гаяна,Гайана,Гвиана,Gvajana,Guyana,Guyana
552,Surinam,Сурынам,Суринам,Суринам,Суринам,Surinam,Surinam,Suriname
553,Kenia,Кенія,Кенія,Кения,Кения,Kenija,Keňa,Kenya
554,Jidysz,Ідыш,Їдиш,Идиш,Идиш,Jidiš,Jidiš,Yiddish
555,Błagojewgrad,Благаеўград,Благоєвград,Благоевград,Благоевград,Blagoevgrad,Blagoevgrad,Blagoevgrad
556,Plewen,Плевен,Плевен,Плевен,Плевен,Pleven,Pleven,Pleven
557,Łom,Лом,Лом,Лом,Лом,Lom,Lom,Lom
558,Tanzania,Танзанія,Танзанія,Танзания,Танзания,Tanzanija,Tanzanie,Tanzania
559,Mozambik,Мазамбік,Мозамбік,Мозамбик,Мозамбик,Mozambik,Mosambik,Mozambique
560,Zimbabwe,Зімбабвэ,Зімбабве,Зимбабве,Зимбабве,Zimbabve,Zimbabwe,Zimbabwe
561,Zambia,Замбія,Замбія,Замбия,Замбия,Zambija,Zambie,Zambia
562,Uganda,Уганда,Уганда,Уганда,Уганда,Uganda,Uganda,Uganda
563,Warna,Варна,Варна,Варна,Варна,Varna,Varna,Varna
564,Odessa,Адэса,Одеса,Одесса,Одеса,Odesa,Oděsa,Odessa
565,Kamerun,Камерун,Камерун,Камерун,Камерун,Kamerun,Kamerun,Cameroon
566,Kongo,Рэспубліка Конга,Республіка Конго,Республика Конго,Република Конго,Zahodni Kongo,Konžská republika,Republic of the Congo
567,Republika Środkowoafrykańska,Цэнтральна-Афрыканская Рэспубліка,Центральноафриканська Республіка,Центральноафриканская Республика,Централноафриканска република,Srednjeafriška republika,Středoafrická republika,Central African Republic
568,Togliatti,Тальяці,Тольятті,Тольятти,Толиати,Toljati,Toljatti,Tolyatti
569,Cesarstwo Austrii,Аўстрыйская імперыя,Австрійська імперія,Австрийская империя,Австрийска империя,Avstrijsko cesarstvo,Rakouské císařství,Austrian Empire
570,Czad,Чад,Чад,Чад,Чад,Čad,Čad,Chad
571,Niger,Нігер,Нігер,Нигер,Нигер,Niger,Niger,Niger
572,Chanat Krymski,Крымскае ханства,Кримське ханство,Крымское ханство,Кримско ханство,Krimski kanat,Krymský chanát,Crimean Khanate
573,Chanat Astrachański,Астраханскае ханства,Астраханське ханство,Астраханское ханство,Астраханско ханство,Astrahanski kanat,Astrachaňský chanát,Astrakhan Khanate
574,Niżny Nowogród,Ніжні Ноўгарад,Нижній Новгород,Нижний Новгород,Нижни Новгород,Nižni Novgorod,Nižnij Novgorod,Nizhny Novgorod
575,Kolonia,Кёльн,Кельн,Кёльн,Кьолн,Köln,Kolín nad Rýnem,Cologne
576,Hanower,Гановер,Ганновер,Ганновер,Хановер,Hannover,Hannover,Hanover
577,Drezno,Дрэздэн,Дрезден,Дрезден,Дрезден,Dresden,Drážďany,Dresden
578,Norymberga,Нюрнберг,Нюрнберг,Нюрнберг,Нюрнберг,Nürnberg,Norimberk,Nuremberg
579,Brema,Брэмен,Бремен,Бремен,Бремен,Bremen,Brémy,Bremen
580,Thimphu,Тхімпху,Тхімпху,Тхимпху,Тхимпху,Thimphu,Thimbú,Thimphu
581,Nuuk,Нук,Нуук,Нуук,Нуук,Nuuk,Nuuk,Nuuk
582,Tampere,Тамперэ,Тампере,Тампере,Тампере,Tampere,Tampere,Tampere
583,Uppsala,Упсала,Уппсала,Уппсала,Упсала,Uppsala,Uppsala,Uppsala
584,Kandahar,Кандагар,Кандагар,Кандагар,Кандахар,Kandahar,Kandahár,Kandahar
585,Lublin,Люблін,Люблін,Люблин,Люблин,Lublin,Lublin,Lublin
586,Tromsø,Тромсё,Тромсе,Тромсё,Тромсьо,Tromsø,Tromsø,Tromsø
587,Trondheim,Тронхейм,Тронгейм,Тронхейм,Тронхайм,Trondheim,Trondheim,Trondheim
588,Bergen,Берген,Берген,Берген,Берген,Bergen,Bergen,Bergen
589,Odense,Одэнсэ,Оденсе,Оденсе,Оденсе,Odense,Odense,Odense
590,Aarhus,Орхус,Орхус,Орхус,Орхус,Aarhus,Aarhus,Aarhus
591,Tartu,Тарту,Тарту,Тарту,Тарту,Tartu,Tartu,Tartu
592,Samarkanda,Самарканд,Самарканд,Самарканд,Самарканд,Samarkand,Samarkand,Samarkand
593,Oulu,Оўлу,Оулу,Оулу,Оулу,Oulu,Oulu,Oulu
594,Jurmała,Юрмала,Юрмала,Юрмала,Юрмала,Jūrmala,Jūrmala,Jūrmala
595,Buchara,Бухара,Бухара,Бухара,Бухара,Buhara,Buchara,Bukhara
596,Akureyri,Акурэйры,Акурейрі,Акюрейри,Акюрейри,Akureyri,Akureyri,Akureyri
597,Kópavogur,Коўпавагур,Коупавогюр,Коупавогюр,Коупавогюр,Kópavogur,Kópavogur,Kópavogur
598,Hafnarfjörður,Хабнарфіёрдур,Гапнарф'єрдюр,Хабнарфьордюр,Хапнарфьордюр,Hafnarfjörður,Hafnarfjörður,Hafnarfjörður
599,Sarow,Сароў,Саров,Саров,Саров,Sarov,Sarov,Sarov
600,Puszkin,Пушкін,Пушкін,Пушкин,Пушкин,Puškin,Puškin,Alexander Pushkin
601,Graz,Грац,Ґрац,Грац,Грац,Gradec,Štýrský Hradec,Graz
602,Linz,Лінц,Лінц,Линц,Линц,Linz,Linec,Linz
603,Kronsztad,Кранштат,Кронштадт,Кронштадт,Кронщат,Kronštat,Kronštadt,Kronstadt
604,Peterhof,Пецяргоф,Петергоф,Петергоф,Петерхоф,Petergof,Petrodvorec,Petergof
605,Sivas,Сівас,Сівас,Сивас,Сивас,Sivas,Sivas,Sivas
606,Hattusa,Хатуса,Хаттуса,Хаттуса,Хатуша,Hatuša,Chattušaš,Hattusa
607,Safranbolu,Сафранбалу,Сафранболу,Сафранболу,Сафранболу,Safranbolu,Safranbolu,Safranbolu
608,Donieck,Данецк,Донецьк,Донецк,Донецк,Doneck,Doněck,Donetsk
609,Los Angeles,Лос-Анджэлес,Лос-Анджелес,Лос-Анджелес,Лос Анджелис,Los Angeles,Los Angeles,Los Angeles
610,Coventry,Ковентры,Ковентрі,Ковентри,Ковънтри,Coventry,Coventry,Coventry
611,Seattle,Сіэтл,Сіетл,Сиэтл,Сиатъл,Seattle,Seattle,Seattle
612,Grenada,Грэнада,Гренада,Гренада,Гренада,Grenada,Grenada,Grenada
613,Hongkong,Ганконг,Гонконг,Гонконг,Хонконг,Hongkong,Hongkong,Hong Kong
614,Kapsztad,Кейптаўн,Кейптаун,Кейптаун,Кейптаун,Cape Town,Kapské Město,Cape Town
615,Braszów,Брашоў,Брашов,Брашов,Брашов,Brașov,Brašov,Brașov
616,Kioto,Кіёта,Кіото,Киото,Киото,Kjoto,Kjóto,Kyoto
617,Komory,Каморскія Астравы,Коморські Острови,Коморы,Коморски острови,Komori,Komory,Comoros
618,Ulm,Ульм,Ульм,Ульм,Улм,Ulm,Ulm,Ulm
619,Togo,Тога,Того,Того,Того,Togo,Togo,Togo
620,Wuhan,Ухань,Ухань,Ухань,Ухан,Vuhan,Wu-chan,Wuhan
621,Włodzimierz,Уладзімір,Владимир,Владимир,Владимир,Vladimir,Vladimir,Vladimir
622,Kayseri,Кайсеры,Кайсері,Кайсери,Кайсери,Kayseri,Kayseri,Kayseri
623,Lagos,Лагас,Лагос,Лагос,Лагос,Lagos,Lagos,Lagos
624,Saint John’s,Сент-Джонс,Сент-Джонс,Сент-Джонс,Сейнт Джонс,St. John's,Saint John's,St. John's
625,Saint-Pierre i Miquelon,Сен-П’ер і Мікелон,Сен-П'єр і Мікелон,Сен-Пьер и Микелон,Сен Пиер и Микелон,Saint Pierre in Miquelon,Saint Pierre a Miquelon,Saint Pierre and Miquelon
626,San Francisco,Сан-Францыска,Сан-Франциско,Сан-Франциско,Сан Франциско,San Francisco,San Francisco,San Francisco
627,Mikronezja,Федэратыўныя Штаты Мікранезіі,Федеративні Штати Мікронезії,Федеративные Штаты Микронезии,Микронезия,Federativne države Mikronezije,Federativní státy Mikronésie,Micronesia
628,Fidżi,Фіджы,Фіджі,Фиджи,Фиджи,Fidži,Fidži,Fiji
629,Izmir,Ізмір,Ізмір,Измир,Измир,İzmir,Smyrna,İzmir
630,Dili,Дылі,Ділі,Дили,Дили,Dili,Dili,Dili
631,Houston,Х’юстан,Х'юстон,Хьюстон,Хюстън,Houston,Houston,Houston
632,Dodoma,Дадома,Додома,Додома,Додома,Dodoma,Dodoma,Dodoma
633,Bursa,Бурса,Бурса,Бурса,Бурса,Bursa,Bursa,Bursa
634,Jarosław,Яраслаўль,Ярославль,Ярославль,Ярославъл,Jaroslavelj,Jaroslavl,Yaroslavl
635,Chicago,Чыкага,Чикаго,Чикаго,Чикаго,Chicago,Chicago,Chicago
636,Szlisselburg,Шлісельбург,Шліссельбург,Шлиссельбург,Шлиселбург,Šlisselburg,Šlisselburg,Shlisselburg
637,Senegal,Сенегал,Сенегал,Сенегал,Сенегал,Senegal,Senegal,Senegal
638,Keflavík,Кеблавік,Кеплавік,Кеблавик,Кеплавик,Keflavík,Keflavík,Keflavík
639,Katowice,Катавіцы,Катовиці,Катовице,Катовице,Katovice,Katovice,Katowice
640,Tours,Тур,Тур,Тур,Тур,Tours,Tours,Tur
641,Gdynia,Гдыня,Гдиня,Гдыня,Гдиня,Gdynia,Gdyně,Gdynia
642,Opole,Аполе,Ополе,Ополе,Ополе,Opole,Opolí,Opole
643,Olsztyn,Ольштын,Ольштин,Ольштын,Олщин,Olsztyn,Olsztyn,Olsztyn
644,Linia Curzona,Лінія Керзана,Лінія Керзона,Линия Керзона,Линия „Кързън“,Curzonova linija,Curzonova linie,Curzon Line
645,Isfahan,Ісфахан,Ісфаган,Исфахан,Исфахан,Isfahan,Isfahán,Isfahan
646,Wyspy Kokosowe,Какосавыя астравы,Кокосові острови,Кокосовые острова,Кокосови острови,Kokosovi otoki,Kokosové ostrovy,Cocos
647,Lyon,Ліён,Ліон,Лион,Лион,Lyon,Lyon,Lyon
648,Chamonix-Mont-Blanc,Шамані,Шамоні,Шамони-Мон-Блан,Шамони,Chamonix,Chamonix-Mont-Blanc,Chamonix
649,Adana,Адана,Адана,Адана,Адана,Adana,Adana,Adana
650,Gaziantep,Газіянтэп,Газіантеп,Газиантеп,Газиантеп,Gaziantep,Gaziantep,Gaziantep
651,Konya,Конья,Конья,Конья,Кония,Konya,Konya,Konya
652,Reunion,Рэюньён,Реюньйон,Реюньон,Реюнион,Reunion,Réunion,Réunion
653,Salt Lake City,Солт-Лэйк-Сіці,Солт-Лейк-Сіті,Солт-Лейк-Сити,Солт Лейк Сити,Salt Lake City,Salt Lake City,Salt Lake City
654,Galacja,Галатыя,Галатія,Галатия,Галатия,Galatija,Galacie,Galatia
655,Durrës,Дурэс,Дуррес,Дуррес,Драч,Drač,Drač,Durrës
656,Niemiecka Republika Demokratyczna,ГДР,Німецька Демократична Республіка,Германская Демократическая Республика,Германска демократична република,Nemška demokratična republika,Německá demokratická republika,East Germany
657,Pernik,Пернік,Перник,Перник,Перник,Pernik,Pernik,Pernik
658,Falklandy,Фалклендскія астравы,Фолклендські Острови,Фолклендские острова,Фолкландски острови,Falklandski otoki,Falklandy,Falkland Islands
659,Podole,Падолле,Поділля,Подолье,Подолие,Podolje,Podolí,Podolia
660,Iwano-Frankiwsk,Івана-Франкоўск,Івано-Франківськ,Ивано-Франковск,Ивано-Франкивск,Ivano-Frankivsk,Ivano-Frankivsk,Ivano-Frankivsk
661,Addis Abeba,Адыс-Абеба,Аддис-Абеба,Аддис-Абеба,Адис Абеба,Adis Abeba,Addis Abeba,Addis Ababa
662,Gwinea Bissau,Гвінея-Бісау,Гвінея-Бісау,Гвинея-Бисау,Гвинея-Бисау,Gvineja Bissau,Guinea-Bissau,Guinea-Bissau
663,Ławra Peczerska,Кіева-Пячэрская лаўра,Києво-Печерська лавра,Киево-Печерская лавра,Киевско-Печорска лавра,Kijevsko-Pečerska lavra,Kyjevskopečerská lávra,Kyiv Pechersk Lavra
664,Karaman,Караман,Караман,Караман,Караман,Karaman,Karaman,Karaman
665,Edirne,Эдзірне,Едірне,Эдирне,Одрин,Odrin,Edirne,Edirne
666,Mazar-i Szarif,Мазары-Шарыф,Мазарі-Шариф,Мазари-Шариф,Мазари Шариф,Mazar-e Šarif,Mazáre Šeríf,Mazar-i-Sharif
667,Nicea,Ніца,Ніцца,Ницца,Ница,Nica,Nice,Nice
668,Vicenza,Вінчэнца,Віченца,Виченца,Виченца,Vicenza,Vicenza,Vicenza
669,Tarsus,Тарсус,Тарс,Тарсус,Тарс,Tarz,Tarsus,Tarsus
670,Sana,Сана,Сана,Сана,Сана,Sana,San'á,Sanaa
671,Erzurum,Эрзурум,Ерзурум,Эрзурум,Ерзурум,Erzurum,Erzurum,Erzurum
672,Şanlıurfa,Шанлыурфа,Шанлиурфа,Шанлыурфа,Шанлъурфа,Şanlıurfa,Şanlıurfa,Urfa
673,Denizli,Дэнізлі,Денізлі,Денизли,Денизли,Denizli,Denizli,Denizli
674,Diyarbakır,Дыярбакыр,Діярбакир,Диярбакыр,Диарбекир,Diyarbakır,Diyarbakır,Diyarbakır
675,Antalya,Анталья,Анталія,Анталья,Анталия,Antalya,Antalya,Antalya
676,Gandawa,Гент,Гент,Гент,Гент,Gent,Gent,Ghent
677,Isengard,Ізенгард,Ісенґард,Изенгард,Исенгард,Ajzengart,Železný pas,Isengard
678,Gondor,Гондар,Ґондор,Гондор,Гондор,Gondor,Gondor,Gondor
679,Ługańsk,Луганск,Луганськ,Луганск,Луганск,Lugansk,Luhansk,Luhansk
680,Obwód chersoński,Херсонская вобласць,Херсонська область,Херсонская область,Херсонска област,Hersonska oblast,Chersonská oblast,Kherson Oblast
681,Chersoń,Херсон,Херсон,Херсон,Херсон,Herson,Cherson,Kherson
682,Mérida,Мерыда,Мерида,Мерида,Мерида,Mérida,Mérida,Mérida
683,Adelaide,Адэлаіда,Аделаїда,Аделаида,Аделейд,Adelaide,Adelaide,Adelaide
684,Oksford,Оксфард,Оксфорд,Оксфорд,Оксфорд,Oxford,Oxford,Oxford
685,Królestwo Anglii,Каралеўства Англія,Королівство Англія,Королевство Англия,Кралство Англия,Kraljevina Anglija,Anglické království,Kingdom of England
686,Glasgow,Глазга,Глазго,Глазго,Глазгоу,Glasgow,Glasgow,Glasgow
687,Mannheim,Мангейм,Мангайм,Мангейм,Манхайм,Mannheim,Mannheim,Mannheim
688,Tonga,Тонга,Тонга,Тонга,Тонга,Tonga,Tonga,Tonga
689,Al-Ujun,Эль-Аюн,Ель-Аюн,Эль-Аюн,Аюн,Laayoune,Al-´Ajún,Laayoune
690,Gujana Francuska,Французская Гвіяна,Французька Гвіана,Гвиана,Френска Гвиана,Francoska Gvajana,Francouzská Guyana,French Guiana
691,Mońki,Монькі,Моньки,Моньки,Монки,Mońki,Mońki,Mońki
692,Seszele,Сейшэльскія Астравы,Сейшельські Острови,Сейшельские Острова,Сейшели,Sejšeli,Seychely,Seychelles
693,Cuzco,Куска,Куско,Куско,Куско,Cusco,Cuzco,Cusco
694,Borgarnes,Боргарнес,Боргарнес,Боргарнес,Боргарнес,Borgarnes,Borgarnes,Borgarnes
695,Las Vegas,Лас-Вегас,Лас-Вегас,Лас-Вегас,Лас Вегас,Las Vegas,Las Vegas,Las Vegas
696,Pretoria,Прэторыя,Преторія,Претория,Претория,Pretorija,Pretorie,Pretoria
697,Bloemfontein,Блумфантэйн,Блумфонтейн,Блумфонтейн,Блумфонтейн,Bloemfontein,Bloemfontein,Bloemfontein
698,Santa Cruz de Tenerife,Санта-Крус-дэ-Тэнэрыфэ,Санта-Крус-де-Тенерифе,Санта-Крус-де-Тенерифе,Санта Крус де Тенерифе,Santa Cruz de Tenerife,Santa Cruz de Tenerife,Santa Cruz de Tenerife
699,Antyle Holenderskie,Нідэрландскія Антыльскія астравы,Нідерландські Антильські острови,Нидерландские Антильские острова,Нидерландски Антили,Nizozemski Antili,Nizozemské Antily,Netherlands Antilles
700,Bermudy,Бермудскія астравы,Бермудські Острови,Бермудские Острова,Бермудски острови,Bermudi,Bermudy,Bermuda
701,Jamusukro,Ямусукра,Ямусукро,Ямусукро,Ямусукро,Yamoussoukro,Yamoussoukro,Yamoussoukro
702,Bonn,Бон,Бонн,Бонн,Бон,Bonn,Bonn,Bonn
703,Frankfurt nad Odrą,Франкфурт-на-Одэры,Франкфурт-на-Одері,Франкфурт-на-Одере,Франкфурт на Одер,Frankfurt ob Odri,Frankfurt nad Odrou,Frankfurt
704,Moguncja,Майнц,Майнц,Майнц,Майнц,Mainz,Mohuč,Mainz
705,Wiesbaden,Вісбадэн,Вісбаден,Висбаден,Висбаден,Wiesbaden,Wiesbaden,Wiesbaden
706,Erfurt,Эрфурт,Ерфурт,Эрфурт,Ерфурт,Erfurt,Erfurt,Erfurt
707,Osnabrück,Оснабрук,Оснабрюк,Оснабрюк,Оснабрюк,Osnabrück,Osnabrück,Osnabrück
708,Koblencja,Кобленц,Кобленц,Кобленц,Кобленц,Koblenz,Koblenz,Koblenz
709,Marburg,Марбург,Марбург,Марбург,Марбург,Marburg,Marburg,Marburg
710,Magdeburg,Магдэбург,Магдебург,Магдебург,Магдебург,Magdeburg,Magdeburg,Magdeburg
711,Brno,Брно,Брно,Брно,Бърно,Brno,Brno,Brno
712,Tabor,Табар,Табор,Табор,Табор,Tábor,Tábor,Tabor
713,Poczdam,Патсдам,Потсдам,Потсдам,Потсдам,Potsdam,Postupim,Potsdam
714,Wetzlar,Вецлар,Вецлар,Вецлар,Вецлар,Wetzlar,Wetzlar,Wetzlar
715,Bazylea,Базель,Базель,Базель,Базел,Basel,Basilej,Basel
716,Rostock,Ростак,Росток,Росток,Росток,Rostock,Rostock,Rostock
717,Rohan,Рохан,Роган,Рохан,Рохан,Rohan,Rohan,Rohan
718,Stara Ładoga,Старая Ладага,Стара Ладога,Старая Ладога,Стара Ладога,Stara Ladoga,Staraja Ladoga,Staraya Ladoga
719,São Tomé,Сан-Тамэ,Сан-Томе,Сан-Томе,Сао Томе,São Tomé,São Tomé,São Tomé Island
720,Perugia,Перуджа,Перуджа,Перуджа,Перуджа,Perugia,Perugia,Perugia
721,Anguilla,Ангілья,Ангілья,Ангилья,Ангила,Angvila,Anguilla,Anguilla
722,Hiroszima,Хірасіма,Хіросіма,Хиросима,Хирошима,Hirošima,Hirošima,Hiroshima
723,Arusza,Аруша,Аруша,Аруша,Аруша,Aruša,Arusha,Arusha
724,Chichén Itzá,Чычэн-Іца,Чичен-Іца,Чичен-Ица,Чичен Ица,Chichen Itza,Chichén Itzá,Chichen Itza
725,Kercz,Керч,Керч,Керчь,Керч,Kerč,Kerč,Kerch
726,Wieluń,Велюнь,Велюнь,Велюнь,Велюн,Wieluń,Wieluń,Wieluń
727,Gorzów Wielkopolski,Гожаў Велькапольскі,Ґожув-Велькопольський,Гожув-Велькопольски,Гожов Велкополски,Gorzów Wielkopolski,Gorzów Wielkopolski,Gorzów Wielkopolski
728,Al-Bajda,Аль-Байда,Ель-Бейда,Эль-Байда,Ал Байда,Al Bajda,Bajdá,Bayda
729,Makau,Макаа,Макао,Макао,Макао,Macau,Macao,Macau
730,Toledo,Таледа,Толедо,Толедо,Толедо,Toledo,Toledo,Toledo
731,Giza,Гіза,Гіза,Эль-Гиза,Гиза,Giza,Gíza,Giza
732,Luksor,Луксор,Луксор,Луксор,Луксор,Luksor,Luxor,Luxor
733,Malmö,Мальмё,Мальме,Мальмё,Малмьо,Malmö,Malmö,Malmö
734,Fez,Фес,Фес,Фес,Фес,Fes,Fes,Fez
735,Tenochtitlán,Тэначтытлан,Теночтітлан,Теночтитлан,Теночтитлан,Tenochtitlan,Tenochtitlán,Tenochtitlan
736,Osz,Ош,Ош,Ош,Ош,Oš,Oš,OSH
737,Szawle,Шаўляй,Шяуляй,Шяуляй,Шауляй,Šiauliai,Šiauliai,Šiauliai
738,Columbus,Калумбус,Колумбус,Колумбус,Кълъмбъс,Columbus,Columbus,Columbus
739,Marsala,Марсала,Марсала,Марсала,Марсала,Marsala,Marsala,Marsala
740,Paro,Паро,Паро,Паро,Паро,Paro,Paro,Paro District
741,Riazań,Разань,Рязань,Рязань,Рязан,Rjazan,Rjazaň,Ryazan
742,Kasimow,Касімаў,Касимов,Касимов,Касимов,Kasimov,Kasimov,Kasimov
743,Haapsalu,Хаапсалу,Хаапсалу,Хаапсалу,Хаапсалу,Haapsalu,Haapsalu,Haapsalu
744,Brugia,Бругэ,Брюгге,Брюгге,Брюге,Brugge,Bruggy,Bruges
745,Honiara,Ханіяра,Хоніара,Хониара,Хониара,Honiara,Honiara,Honiara
746,Stavanger,Ставангер,Ставангер,Ставангер,Ставангер,Stavanger,Stavanger,Stavanger
747,Georgetown,Джорджтаўн,Джорджтаун,Джорджтаун,Джорджтаун,Georgetown,Georgetown,Georgetown
748,Kaługa,Калуга,Калуга,Калуга,Калуга,Kaluga,Kaluga,Kaluga
749,Vadsø,Вадсё,Вадсьо,Вадсё,Вадсьо,Vadsø,Vadsø,Vadsø
750,Obninsk,Обнінск,Обнінськ,Обнинск,Обнинск,Obninsk,Obninsk,Obninsk
751,La Défense,Дэфанс,Дефанс,Дефанс,Дефанс,La Défense,La Défense,La Défense
752,Chartres,Шартр,Шартр,Шартр,Шартър,Chartres,Chartres,Chartres
753,Walencja,Валенсія,Валенсія,Валенсия,Валенсия,Valencija,Valencie,Valencia
754,Tuluza,Тулуза,Тулуза,Тулуза,Тулуза,Toulouse,Toulouse,Toulouse
755,Zatoka Biskajska,Біскайскі заліў,Біскайська затока,Бискайский залив,Бискайски залив,Biskajski zaliv,Biskajský záliv,Bay of Biscay
756,Zatoka Neapolitańska,Неапалітанскі заліў,Неаполітанська затока,Неаполитанский залив,Неаполски залив,Neapeljski zaliv,Neapolský záliv,Gulf of Naples
757,Hobart,Хобарт,Гобарт,Хобарт,Хобарт,Hobart,Hobart,Hobart
758,Darwin,Дарвін,Дарвін,Дарвин,Дарвин,Darwin,Darwin,Darwin
759,Sewilla,Севілья,Севілья,Севилья,Севиля,Sevilja,Sevilla,Seville
760,Turks i Caicos,Цёркс і Кайкас,Острови Теркс і Кайкос,Теркс и Кайкос,Търкс и Кайкос,Otoki Turks in Caicos,Turks a Caicos,Turks and Caicos Islands
761,Montpellier,Манпелье,Монпельє,Монпелье,Монпелие,Montpellier,Montpellier,Montpellier
762,Giumri,Гюмры,Ґюмрі,Гюмри,Гюмри,Gjumri,Gjumri,Gyumri
763,Ugarit,Угарыт,Угарит,Угарит,Угарит,Ugarit,Ugarit,Ugarit
764,Cork,Корк,Корк,Корк,Корк,Cork,Cork,Cork
765,Mariany Północne,Паўночныя Марыянскія астравы,Північні Маріанські Острови,Северные Марианские Острова,Северни Мариански острови,Severni Marijanski otoki,Severní Mariany,Northern Mariana Islands
766,Siena,Сіена,Сієна,Сиена,Сиена,Siena,Siena,Siena
767,Padwa,Падуя,Падуя,Падуя,Падуа,Padova,Padova,Padua
768,Werona,Верона,Верона,Верона,Верона,Verona,Verona,Verona
769,Asyż,Асізі,Ассізі,Ассизи,Асизи,Assisi,Assisi,Assisi
770,Triest,Трыест,Трієст,Триест,Триест,Trst,Terst,Trieste
771,Rouen,Руан,Руан,Руан,Руан,Rouen,Rouen,Rouen
772,Edmonton,Эдмантан,Едмонтон,Эдмонтон,Едмънтън,Edmonton,Edmonton,Edmonton
773,Managua,Манагуа,Манагуа,Манагуа,Манагуа,Managua,Managua,Managua
774,Lhasa,Лхаса,Лхаса,Лхаса,Лхаса,Lasa,Lhasa,Lhasa
775,Szetlandy Południowe,Паўднёвыя Шэтландскія астравы,Південні Шетландські острови,Южные Шетландские острова,Южни Шетландски острови,Južni Shetlandski otoki,Jižní Shetlandy,South Shetland Islands
776,Medyna,Медына,Медина,Медина,Медина,Medina,Medína,Medina
777,Cannes,Каны,Канни,Канны,Кан,Cannes,Cannes,Kan
778,Tulon,Тулон,Тулон,Тулон,Тулон,Toulon,Toulon,Toulon
779,Akwizgran,Ахен,Аахен,Ахен,Аахен,Aachen,Cáchy,Aachen
780,Lillehammer,Лілехамер,Ліллегаммер,Лиллехаммер,Лилехамер,Lillehammer,Lillehammer,Lillehammer
781,Steinkjer,Стэйнх’ер,Стейнг'єр,Стейнхьер,Стайнхер,Steinkjer,Steinkjer,Steinkjer
782,Leikanger,Лейкангер,Лейканґер,Лейкангер,Лейкангер,Leikanger,Leikanger,Leikanger
783,Arendal,Арэндал,Арендал,Арендал,Арендал,Arendal,Arendal,Arendal
784,Karlskrona,Карльскруна,Карлскруна,Карлскруна,Карлскруна,Karlskrona,Karlskrona,Karlskrona
785,Ngerulmud,Нгерулмуд,Нгерулмуд,Нгерулмуд,Нгерулмуд,Ngerulmud,Ngerulmud,Ngerulmud
786,Bodø,Будзё,Буде,Будё,Будьо,Bodø,Bodø,Bodø
787,Drammen,Драмен,Драммен,Драммен,Драмен,Drammen,Drammen,Drammen
788,Kristiansand,Крысціянсан,Крістіансанн,Кристиансанн,Кристиансан,Kristiansand,Kristiansand,Kristiansand
789,Molde,Моле,Молде,Молде,Молде,Molde,Molde,Molde
790,Skien,Шыен,Шієн,Шиен,Шиен,Skien,Skien,Skien
791,Falun,Фалун,Фалун,Фалун,Фалун,Falun,Falun,Falun
792,Knossos,Кнос,Кносс,Кносс,Кносос,Knosos,Knóssos,Knossos
793,Ramallah,Рамала,Рамалла,Рамалла,Рамала,Ramala,Rámaláh,Ramallah
794,Mykeny,Мікены,Мікени,Микены,Микена,Mikene,Mykény,Mycenae
795,Ratyzbona,Рэгенсбург,Регенсбург,Регенсбург,Регенсбург,Regensburg,Řezno,Regensburg
796,Korynt,Карынф,Коринф,Коринф,Коринт,Korint,Korint,Corinth
797,Gozo,Гоца,Гоцо,Гоцо,Гозо,Gozo,Gozo,Gozo
798,Samotna Góra,Эрэбар,Еребор,Эребор,Самотна планина,Erebor,Osamělá hora,Lonely Mountain
799,Wuppertal,Вуперталь,Вупперталь,Вупперталь,Вупертал,Wuppertal,Wuppertal,Wuppertal
800,Trewir,Трыр,Трір,Трир,Трир,Trier,Trevír,Trier
801,Pireus,Пірэй,Пірей,Пирей,Пирея,Pirej,Pireus,Piraeus
802,Nagoja,Нагоя,Нагоя,Нагоя,Нагоя,Nagoja,Nagoja,Nagoya
803,Boston,Бостан,Бостон,Бостон,Бостън,Boston,Boston,Boston
804,Juneau,Джуна,Джуно,Джуно,Джуно,Juneau,Juneau,Juneau
805,Phoenix,Фінікс,Фінікс,Финикс,Финикс,Phoenix,Phoenix,Phoenix
806,Denver,Дэнвер,Денвер,Денвер,Денвър,Denver,Denver,Denver
807,Richmond,Рычманд,Ричмонд,Ричмонд,Ричмънд,Richmond,Richmond,Richmond
808,Brunszwik,Браўншвайг,Брауншвейг,Брауншвейг,Брауншвайг,Braunschweig,Braunschweig,Braunschweig
809,Getynga,Гётынген,Геттінген,Гёттинген,Гьотинген,Göttingen,Göttingen,Göttingen
810,Osasco,Азаску,Озаску,Озаску,Озаско,Osasco,Osasco,Osasco
811,Oviedo,Аўеда,Ов'єдо,Овьедо,Овиедо,Oviedo,Oviedo,Oviedo
812,Machu Picchu,Мачу-Пікчу,Мачу-Пікчу,Мачу-Пикчу,Мачу Пикчу,Machu Picchu,Machu Picchu,Machu Picchu
813,Petra,Петра,Петра,Петра,Петра,Petra,Petra,Petra
814,Pitcairn,Астравы Піткэрн,Піткерн,Острова Питкэрн,Питкерн,Pitcairnovi otoki,Pitcairnovy ostrovy,Pitcairn Islands
815,Brytyjskie Terytorium Oceanu Indyjskiego,Брытанская тэрыторыя ў Індыйскім акіяне,Британська Територія в Індійському Океані,Британская Территория в Индийском Океане,Британска индоокеанска територия,Britansko ozemlje v Indijskem oceanu,Britské indickooceánské území,British Indian Ocean Territory
816,Pampeluna,Памплона,Памплона,Памплона,Памплона,Pamplona,Pamplona,Pamplona
817,Sziraz,Шыраз,Шираз,Шираз,Шираз,Širaz,Šíráz,Shiraz
818,Liège,Льеж,Льєж,Льеж,Лиеж,Liège,Lutych,Liège
819,Lozanna,Лазана,Лозанна,Лозанна,Лозана,Lozana,Lausanne,Lausanne
820,Zug,Цуг,Цуг,Цуг,Цуг,Zug,Zug,Zug
821,Aarau,Аарау,Аарау,Арау,Аарау,Aarau,Aarau,Aarau
822,Fryburg,Фрыбур,Фрібур,Фрибур,Фрибур,Fribourg,Fribourg,Fribourg
823,Frauenfeld,Фраўэнфельд,Фрауенфельд,Фрауэнфельд,Фрауенфелд,Frauenfeld,Frauenfeld,Frauenfeld
824,Brytyjskie Wyspy Dziewicze,Брытанскія Віргінскія астравы,Британські Віргінські Острови,Виргинские Острова,Британски Вирджински острови,Britanski Deviški otoki,Britské Panenské ostrovy,British Virgin Islands
825,Georgia Południowa i Sandwich Południowy,Паўднёвая Георгія і Паўднёвыя Сандвічавы астравы,Південна Джорджія і Південні Сандвічеві Острови,Южная Георгия и Южные Сандвичевы Острова,Южна Джорджия и Южни Сандвичеви острови,Južna Georgija in Južni Sandwichevi otoki,Jižní Georgie a Jižní Sandwichovy ostrovy,South Georgia and the South Sandwich Islands
826,Glarus,Гларус,Гларус,Гларус,Гларус,Glarus,Glarus,Glarus
827,Chur,Кур,Кур,Кур,Кур,Chur,Chur,Kur
828,Stans,Штанс,Штанс,Штанс,Щанс,Stans,Stans,Stans
829,Jassy,Ясы,Ясси,Яссы,Яш,Iași,Jasy,Iași
830,Bellinzona,Белінцона,Беллінцона,Беллинцона,Белинцона,Bellinzona,Bellinzona,Bellinzona
831,Wormacja,Вормс,Вормс,Вормс,Вормс,Worms,Worms,Worms
832,Susa,Сус,Сус,Сус,Сус,Sousse,Súsa,Sousse
833,Majuro,Маджура,Маджуро,Маджуро,Маджуро,Majuro,Majuro,Majuro
834,Wyspy Marshalla,Маршалавы Астравы,Маршаллові Острови,Маршалловы Острова,Маршалови острови,Marshallovi otoki,Marshallovy ostrovy,Marshall Islands
835,Wyspy Salomona,Саламонавы Астравы,Соломонові Острови,Соломоновы Острова,Соломонови острови,Salomonovi otoki,Šalomounovy ostrovy,Solomon Islands
836,Katania,Катанія,Катанія,Катания,Катания,Catania,Katánie,Catania
837,Bukowina,Букавіна,Буковина,Буковина,Буковина,Bukovina,Bukovina,Bukovina
838,Grenoble,Грэнобль,Гренобль,Гренобль,Гренобъл,Grenoble,Grenoble,Grenoble
839,Espoo,Эспа,Еспоо,Эспоо,Еспоо,Espoo,Espoo,Espoo
840,Bydgoszcz,Быдгашч,Бидгощ,Быдгощ,Бидгошч,Bydgoszcz,Bydhošť,Bydgoszcz
841,Efez,Эфес,Ефес,Эфес,Ефес,Efez,Efez,Ephesus
842,Uruk,Урук,Урук,Урук,Урук,Uruk,Uruk,Uruk
843,Ur,Ур,Ур,Ур,Ур,Ur,Ur,Ur
844,Pittsburgh,Пітсбург,Піттсбург,Питтсбург,Питсбърг,Pittsburgh,Pittsburgh,Pittsburgh
845,Lagasz,Лагаш,Лагаш,Лагаш,Лагаш,Lagaš,Lagaš,Lagash
846,Concepción,Кансепсьён,Консепсьйон,Консепсьон,Консепсион,Concepción,Concepción,Concepción
847,Limoges,Лімож,Лімож,Лимож,Лимож,Limoges,Limoges,Limoges
848,Milet,Мілет,Мілет,Милет,Милет,Milet,Milét,Miletus
849,Państwo Inków,Імперыя Інкаў,Інки,Империя инков,Империя на инките,Inkovski imperij,Incká říše,Inca Empire
850,Saint Louis,Сент-Луіс,Сент-Луїс,Сент-Луис,Сейнт Луис,St. Louis,St. Louis,St. Louis
851,Królestwo Węgier,Каралеўства Венгрыя,Угорське королівство,Королевство Венгрия,Кралство Унгария,Ogrska,Uhersko,Kingdom of Hungary
852,Podolsk,Падольск,Подольськ,Подольск,Подолск,Podolsk,Podolsk,Podolsk
853,Racibórz,Рацібуж,Ратибор,Рацибуж,Рачибуж,Racibórz,Ratiboř,Racibórz
854,Bardejów,Бардзеёў,Бардіїв,Бардеёв,Бардейов,Bardejov,Bardejov,Bardejov
855,Poprad,Попрад,Попрад,Попрад,Попрад,Poprad,Poprad,Poprad
856,Koszyce,Кошыцы,Кошиці,Кошице,Кошице,Košice,Košice,Košice
857,Trnawa,Трнава,Трнава,Трнава,Търнава,Trnava,Trnava,Tarnava
858,Bengazi,Бенгазі,Бенгазі,Бенгази,Бенгази,Bengazi,Benghází,Benghazi
859,Czarnobyl,Чарнобыль,Чорнобиль,Чернобыль,Чернобил,Černobil,Černobyl,Chernobyl
860,Lille,Ліль,Лілль,Лилль,Лил,Lille,Lille,Lille
861,Innsbruck,Інсбрук,Інсбрук,Инсбрук,Инсбрук,Innsbruck,Innsbruck,Innsbruck
862,Garmisch-Partenkirchen,Гарміш-Партэнкірхен,Гарміш-Партенкірхен,Гармиш-Партенкирхен,Гармиш-Партенкирхен,Garmisch-Partenkirchen,Garmisch-Partenkirchen,Garmisch-Partenkirchen
863,Spira,Шпаер,Шпаєр,Шпайер,Шпайер,Speyer,Špýr,Speyer
864,Metz,Мец,Мец,Мец,Мец,Metz,Mety,Metz
865,Indianapolis,Індыянапаліс,Індіанаполіс,Индианаполис,Индианаполис,Indianapolis,Indianapolis,Indianapolis
866,Sendai,Сэндай,Сендай,Сендай,Сендай,Sendai,Sendai,Sendai
867,Elektorat Saksonii,Курфюрства Саксонія,Курфюрство Саксонія,Саксония,Курфюрство Саксония,Saška,Saské kurfiřtství,Electorate of Saxony
868,Bourges,Бурж,Бурж,Бурж,Бурж,Bourges,Bourges,Bourges
869,Murcja,Мурсія,Мурсія,Мурсия,Мурсия,Murcia,Murcia,Murcia
870,Valladolid,Вальядалід,Вальядолід,Вальядолид,Валядолид,Valladolid,Valladolid,Valladolid
871,Wanadzor,Ванадзор,Ванадзор,Ванадзор,Ванадзор,Vanadzor,Vanadzor,Vanadzor
872,Nancy,Нансі,Нансі,Нанси,Нанси,Nancy,Nancy,Nancy
873,Herat,Герат,Герат,Герат,Херат,Herat,Herát,Herat
874,Gandża,Гянджа,Гянджа,Гянджа,Ганджа,Gandža,Gjandža,Ganja
875,Eisenstadt,Айзенштат,Айзенштадт,Айзенштадт,Айзенщат,Železno,Eisenstadt,Eisenstadt
876,Split,Спліт,Спліт,Сплит,Сплит,Split,Split,Split
877,Hanga Roa,Ханга-Роа,Ханга-Роа,Анга-Роа,Ханга Роа,Hanga Roa,Hanga Roa,Hanga Roa
878,Lejda,Лейдэн,Лейден,Лейден,Лайден,Leiden,Leiden,Leiden
879,Lewocza,Левача,Левоча,Левоча,Левоча,Levoča,Levoča,Levoča
880,Winchester,Уінчэстэр,Вінчестер,Уинчестер,Уинчестър,Winchester,Winchester,Winchester
881,Góry Krymskie,Крымскія горы,Кримські гори,Крымские горы,Кримски планини,Krimsko gorovje,Krymské hory,Crimean Mountains
882,Teodozja,Феадосія,Феодосія,Феодосия,Феодосия,Feodozija,Feodosija,Feodosia
883,Bolzano,Бальцана,Больцано,Больцано,Болцано,Bolzano,Bolzano,Bolzano
884,Gori,Горы,Горі,Гори,Гори,Gori,Gori,Gori
885,Batumi,Батумі,Батумі,Батуми,Батуми,Batumi,Batumi,Batumi
886,Oriechowo-Zujewo,Арэхава-Зуева,Орєхово-Зуєво,Орехово-Зуево,Орехово-Зуево,Orehovo-Zujevo,Orechovo-Zujevo,Orekhovo-Zuyevo
887,Santiago de Compostela,Сант’яга-дэ-Кампастэла,Сантьяго-де-Компостела,Сантьяго-де-Компостела,Сантяго де Компостела,Santiago de Compostela,Santiago de Compostela,Santiago de Compostela
888,Strumica,Струміца,Струмиця,Струмица,Струмица,Strumica,Strumica,Strumica
889,Orlean,Арлеан,Орлеан,Орлеан,Орлеан,Orléans,Orléans,Orléans
890,Newcastle upon Tyne,Ньюкасл-эпон-Тайн,Ньюкасл-апон-Тайн,Ньюкасл-апон-Тайн,Нюкасъл ъпон Тайн,Newcastle upon Tyne,Newcastle upon Tyne,Newcastle upon Tyne
891,Sudan Południowy,Паўднёвы Судан,Південний Судан,Южный Судан,Южен Судан,Južni Sudan,Jižní Súdán,South Sudan
892,Dżuba,Джуба,Джуба,Джуба,Джуба,Džuba,Džuba,Juba
893,Austin,Остын,Остін,Остин,Остин,Austin,Austin,Austin
894,Montgomery,Мантгомеры,Монтгомері,Монтгомери,Монтгомъри,Montgomery,Montgomery,Montgomery
895,Oklahoma City,Аклахома-Сіці,Оклахома-Сіті,Оклахома-Сити,Оклахома Сити,Oklahoma City,Oklahoma City,Oklahoma City
896,Honolulu,Ганалулу,Гонолулу,Гонолулу,Хонолулу,Honolulu,Honolulu,Honolulu
897,Nestor Machno,Нестар Іванавіч Махно,Махно Нестор Іванович,"Махно, Нестор Иванович",Нестор Махно,Nestor Ivanovič Mahno,Nestor Machno,Nestor Makhno
898,Parma,Парма,Парма,Парма,Парма,Parma,Parma,Parma
899,Bolonia,Балоння,Болонья,Болонья,Болоня,Bologna,Bologna,Bologna
900,Birmingham,Бірмінгем,Бірмінгем,Бирмингем,Бирмингам,Birmingham,Birmingham,Birmingham
901,Połtawa,Палтава,Полтава,Полтава,Полтава,Poltava,Poltava,Poltava
902,Nantes,Нант,Нант,Нант,Нант,Nantes,Nantes,Nantes
903,Kilonia,Кіль,Кіль,Киль,Кийл,Kiel,Kiel,Kiel
904,Naumburg,Наўмбург,Наумбург,Наумбург,Наумбург,Naumburg,Naumburg,Naumburg
905,Münster,Мюнстэр,Мюнстер,Мюнстер,Мюнстер,Münster,Münster,Münster
906,Augsburg,Аўгсбург,Аугсбург,Аугсбург,Аугсбург,Augsburg,Augsburg,Augsburg
907,Paderborn,Падэрборн,Падерборн,Падерборн,Падерборн,Paderborn,Paderborn,Paderborn
908,Aszkelon,Ашкелон,Ашкелон,Ашкелон,Ашкелон,Aškelon,Aškelon,Ashkelon
909,Abadan,Абадан,Абадан,Абадан,Абадан,Abadan,Ábádán,Abadan
910,Mandalaj,Мандалай,Мандалай,Мандалай,Мандалей,Mandalaj,Mandalaj,Mandalay
911,Mantua,Мантуя,Мантуя,Мантуя,Мантуа,Mantova,Mantova,Mantua
912,Kordoba,Кордава,Кордова,Кордова,Кордоба,Kordova,Córdoba,Córdoba
913,Bengaluru,Бангалор,Бенгалуру,Бангалор,Бенгалуру,Bangalore,Bengalúr,Bangalore
914,Ahmadabad,Ахмедабад,Ахмадабад,Ахмадабад,Ахмедабад,Ahmedabad,Ahmadábád,Ahmedabad
915,Bergamo,Бергама,Бергамо,Бергамо,Бергамо,Bergamo,Bergamo,Bergamo
916,Brescia,Брэшыя,Брешія,Брешиа,Бреша,Brescia,Brescia,Brescia
917,Limerick,Лімерык,Лімерик,Лимерик,Лимерик,Limerick,Limerick,Limerick
918,Konstancja,Констанц,Констанц,Констанц,Констанц,Konstanca,Kostnice,Konstanz
919,Uxmal,Ушмаль,Ушмаль,Ушмаль,Ушмал,Uxmal,Uxmal,Uxmal
920,Mendoza,Мендоса,Мендоса,Мендоса,Мендоса,Mendoza,Mendoza,Mendoza
921,Chociebuż,Котбус,Котбус,Котбус,Котбус,Cottbus,Chotěbuz,Cottbus
922,Besançon,Безансон,Безансон,Безансон,Безансон,Besançon,Besançon,Besançon
923,Hawr,Гаўр,Гавр,Гавр,Хавър,Le Havre,Le Havre,Le Havre
924,Cherbourg-Octeville,Шэрбур-Актэвіль,Шербур-Октевіль,Шербур-Октевиль,Шербур-Октевил,Cherbourg-Octeville,Cherbourg-Octeville,Cherbourg-Octeville
925,Malaga,Малага,Малага,Малага,Малага,Málaga,Málaga,Málaga
926,Alicante,Алікантэ,Аліканте,Аликанте,Аликанте,Alicante,Alicante,Alicante
927,Leeds,Лідс,Лідс,Лидс,Лийдс,Leeds,Leeds,Leeds
928,Arles,Арль,Арль,Арль,Арл,Arles,Arles,Arles
929,Grasse,Грас,Грасс,Грас,Грас,Grasse,Grasse,Grasse
930,Dijon,Дыжон,Діжон,Дижон,Дижон,Dijon,Dijon,Dijon
931,Awinion,Авіньён,Авіньйон,Авиньон,Авиньон,Avignon,Avignon,Avignon
932,York,Ёрк,Йорк,Йорк,Йорк,York,York,York
933,Dallas,Далас,Даллас,Даллас,Далас,Dallas,Dallas,Dallas
934,Pecz,Печ,Печ,Печ,Печ,Pécs,Pécs,Pécs
935,Eger,Эгер,Егер,Эгер,Егер,Eger,Eger,Eger
936,Modena,Модэна,Модена,Модена,Модена,Modena,Modena,Modena
937,Tarent,Таранта,Таранто,Таранто,Таранто,Taranto,Taranto,Taranto
938,Ferrara,Ферара,Феррара,Феррара,Ферара,Ferrara,Ferrara,Ferrara
939,Dżudda,Джыда,Джидда,Джидда,Джида,Džeda,Džidda,Jeddah
940,Klaksvík,Клаксвуйк,Клаксвік,Клаксвуйк,Клаксвуйк,Klaksvík,Klaksvík,Klaksvík
941,Bamberg,Бамберг,Бамберг,Бамберг,Бамберг,Bamberg,Bamberk,Bamberg
942,Poitiers,Пуацье,Пуатьє,Пуатье,Поатие,Poitiers,Poitiers,Poitiers
943,Fort Worth,Форт-Уэрт,Форт-Верт,Форт-Уэрт,Форт Уърт,Fort Worth,Fort Worth,Fort Worth
944,Pilzno,Пльзень,Пльзень,Пльзень,Пилзен,Plzen,Plzeň,Plzeň
945,Vichy,Вішы,Віші,Виши,Виши,Vichy,Vichy,Vichy
946,Burgas,Бургас,Бургас,Бургас,Бургас,Burgas,Burgas,Burgas
947,Dover,Дуўр,Дувр,Дувр,Дувър,Dover,Dover,Dover
948,Struga,Струга,Струга,Струга,Струга,Struga,Struga,Struga
949,Annecy,Ансі,Аннесі,Анси,Анси,Annecy,Annecy,Annecy
950,Państwo Kuszanów,Кушанскае царства,Кушанське царство,Кушанское царство,Кушанска империя,Kušansko cesarstvo,Kušánská říše,Kushan Empire
951,Królestwo Greko-Baktryjskie,Грэка-Бактрыйскае царства,Греко-Бактрійське царство,Греко-Бактрийское царство,Гръко-бактрийско царство,Grško-baktrijsko kraljestvo,Řecko-baktrijské království,Greco-Bactrian Kingdom
952,Bregencja,Брэгенц,Брегенц,Брегенц,Брегенц,Bregenz,Bregenz,Bregenz
953,Bari,Бары,Барі,Бари,Бари,Bari,Bari,Bari
954,Cagliari,Кальяры,Кальярі,Кальяри,Каляри,Cagliari,Cagliari,Cagliari
955,Minneapolis,Мінеапаліс,Міннеаполіс,Миннеаполис,Минеаполис,Minneapolis,Minneapolis,Minneapolis
956,Kutaisi,Кутаісі,Кутаїсі,Кутаиси,Кутаиси,Kutaisi,Kutaisi,Kutaisi
957,Mccheta,Мцхета,Мцхета,Мцхета,Мцхета,Mcheta,Mccheta,Mtskheta
958,Zugdidi,Зугдыды,Зугдіді,Зугдиди,Зугдиди,Zugdidi,Zugdidi,Zugdidi
959,Cambridge,Кембрыдж,Кембридж,Кембридж,Кеймбридж,Cambridge,Cambridge,Cambridge
960,Saint-Lô,Сен-Ло,Сен-Ло,Сен-Ло,Сен Ло,Saint-Lô,Saint-Lô,Saint-Lô
961,Nankin,Нанкін,Нанкін,Нанкин,Нанкин,Nandžing,Nanking,Nanjing
962,Amiens,Ам’ен,Ам'єн,Амьен,Амиен,Amiens,Amiens,Amiens
963,Eu,Э,Е,Э,Йо,Eu,Eu,Eu
964,Melun,Мелён,Мелен,Мелён,Мелюн,Melun,Melun,Melun
965,Verdun,Вердэн,Верден,Верден,Вердюн,Verdun,Verdun,Verdun
966,Biarritz,Біярыц,Біарриц,Биарриц,Биариц,Biarritz,Biarritz,Biarritz
967,Stargard,Старгард,Старгард,Старгард,Старгард,Stargard,Stargard,Stargard
968,Székesfehérvár,Секешфехервар,Секешфегервар,Секешфехервар,Секешфехервар,Székesfehérvár,Székesfehérvár,Székesfehérvár
969,Angers,Анжэ,Анже,Анже,Анже,Angers,Angers,Angers
970,Nîmes,Нім,Нім,Ним,Ним,Nîmes,Nîmes,Nîmes
971,Dunkierka,Дзюнкерк,Дюнкерк,Дюнкерк,Дюнкерк,Dunkerque,Dunkerk,Dunkirk
972,Clermont-Ferrand,Клермон-Феран,Клермон-Ферран,Клермон-Ферран,Клермон-Феран,Clermont-Ferrand,Clermont-Ferrand,Clermont-Ferrand
973,Miluza,Мюлуз,Мюлуз,Мюлуз,Мюлуз,Mulhouse,Mylhúzy,Mulhouse
974,Belfort,Бельфор,Бельфор,Бельфор,Белфор,Belfort,Belfort,Belfort
975,Rennes,Рэн,Ренн,Рен,Рен,Rennes,Rennes,Rennes
976,Blois,Блуа,Блуа,Блуа,Блоа,Blois,Blois,Blois
977,Perpignan,Перпіньян,Перпіньян,Перпиньян,Перпинян,Perpignan,Perpignan,Perpignan
978,Grenada,Гранада,Гранада,Гранада,Гранада,Granada,Granada,Granada
979,Milwaukee,Мілуокі,Мілвокі,Милуоки,Милуоки,Milwaukee,Milwaukee,Milwaukee
980,Caen,Кан,Кан,Кан,Кан,Caen,Caen,Kan
981,Saumur,Самюр,Сомюр,Сомюр,Сомюр,Saumur,Saumur,Saumur
982,Wels,Вельс,Вельс,Вельс,Велс,Wels,Wels,Wels
983,Kassel,Касель,Кассель,Кассель,Касел,Kassel,Kassel,Kassel
984,Sliwen,Слівен,Сливен,Сливен,Сливен,Sliven,Sliven,Sliven
985,Rimini,Рыміні,Ріміні,Римини,Римини,Rimini,Rimini,Rimini
986,Piacenza,П’ячэнца,П'яченца,Пьяченца,Пиаченца,Piacenza,Piacenza,Piacenza
987,Villach,Філах,Філлах,Филлах,Филах,Beljak,Villach,Villach
988,St. Pölten,Санкт-Пёльтэн,Санкт-Пельтен,Санкт-Пёльтен,Санкт Пьолтен,St. Pölten,Sankt Pölten,Sankt Pölten
989,Dornbirn,Дорнбірн,Дорнбірн,Дорнбирн,Дорнбирн,Dornbirn,Dornbirn,Dornbirn
990,Osijek,Осіек,Осієк,Осиек,Осиек,Osijek,Osijek,Osijek
991,Betlejem,Віфлеем,Вифлеєм,Вифлеем,Витлеем,Betlehem,Betlém,Bethlehem
992,Chambéry,Шамберы,Шамбері,Шамбери,Шамбери,Chambéry,Chambéry,Chambéry
993,Częstochowa,Чэнстахова,Ченстохова,Ченстохова,Ченстохова,Čenstohova,Čenstochová,Częstochowa
994,Winterthur,Вінтэртур,Вінтертур,Винтертур,Винтертур,Winterthur,Winterthur,Winterthur
995,Heidelberg,Гайдэльберг,Гайдельберг,Гейдельберг,Хайделберг,Heidelberg,Heidelberg,Heidelberg
996,Stefan Banach,Стэфан Банах,Стефан Банах,"Банах, Стефан",Стефан Банах,Stefan Banach,Stefan Banach,Stefan Banach
997,Teby,Фівы,Фіви,Фивы,Тива,Tebe,Veset,Thebes
998,Opawa,Опава,Опава,Опава,Опава,Opava,Opava,Opava
999,Hildesheim,Гільдэсгайм,Гільдесгайм,Хильдесхайм,Хилдесхайм,Hildesheim,Hildesheim,Hildesheim
1000,Đồng Hới,Дангхоі,Донгхой,Донгхой,Донгхой,Đồng Hới,Dong Hoi,Đồng Hới
1001,Tybinga,Цюбінген,Тюбінген,Тюбинген,Тюбинген,Tübingen,Tübingen,Tübingen
1002,Fryburg Bryzgowijski,Фрайбург,Фрайбург,Фрайбург-им-Брайсгау,Фрайбург,Freiburg im Breisgau,Freiburg im Breisgau,Freiburg im Breisgau
1003,Asuan,Асуан,Асуан,Асуан,Асуан,Asuan,Asuán,Aswan
1004,Salerno,Салерна,Салерно,Салерно,Салерно,Salerno,Salerno,Salerno
1005,Stepanakert,Сцепанакерт,Степанакерт,Степанакерт,Степанакерт,Stepanakert,Stěpanakert,Stepanakert
1006,Carcassonne,Каркасон,Каркассонн,Каркасон,Каркасон,Carcassonne,Carcassonne,Carcassonne
1007,Salamanka,Саламанка,Саламанка,Саламанка,Саламанка,Salamanca,Salamanca,Salamanca
1008,Nanterre,Нантэр,Нантер,Нантер,Нантер,Nanterre,Nanterre,Nanterre
1009,Al-Azizijja,Эль-Азізія,Ель-Азізія,Эль-Азизия,Ал Азизия,Al Azizija,Azízíja,ʽAziziya
1010,Bad Tölz,Бад-Цёльц,Бад-Тельц,Бад-Тёльц,Бад Тьолц,Bad Tölz,Bad Tölz,Bad Tölz
1011,Bayreuth,Байрайт,Байройт,Байройт,Байройт,Bayreuth,Bayreuth,Bayreuth
1012,Memmingen,Мемінген,Меммінген,Мемминген,Меминген,Memmingen,Memmingen,Memmingen
1013,Landshut,Ландсгут,Ландсгут,Ландсхут,Ландсхут,Landshut,Landshut,Landshut
1014,Leuven,Лёвен,Левен,Лёвен,Льовен,Leuven,Lovaň,Leuven
1015,Mons,Монс,Монс,Монс,Монс,Mons,Mons,Mons
1016,Valenciennes,Валансьен,Валансьєнн,Валансьен,Валансиен,Valenciennes,Valenciennes,Valenciennes
1017,Sremski Karlovci,Срэмскі-Карлаўцы,Сремські Карловці,Сремски-Карловци,Сремски Карловци,Sremski Karlovci,Sremski Karlovci,Sremski Karlovci
1018,La Plata,Ла-Плата,Ла-Плата,Ла-Плата,Ла Плата,La Plata,La Plata,Río de la Plata
1019,Mesyna,Месіна,Мессіна,Мессина,Месина,Messina,Messina,Messina
1020,San Salvador de Jujuy,Сан-Сальвадор-дэ-Жужуй,Сан-Сальвадор-де-Жужуй,Сан-Сальвадор-де-Жужуй,Сан Салвадор де Хухуй,San Salvador de Jujuy,San Salvador de Jujuy,San Salvador de Jujuy
1021,Krasław,Краслава,Краслава,Краслава,Краслава,Krāslava,Krāslava,Krāslava
1022,Palma,Пальма-дэ-Мальёрка,Пальма,Пальма,Палма де Майорка,Palma de Mallorca,Palma de Mallorca,Palma de Mallorca
1023,Laon,Лан,Лан,Лан,Лан,Laon,Laon,Laon
1024,Wolfsburg,Вольфсбург,Вольфсбург,Вольфсбург,Волфсбург,Wolfsburg,Wolfsburg,Wolfsburg
1025,Limburg an der Lahn,Лімбург-на-Лане,Лімбург-ан-дер-Лан,Лимбург-ан-дер-Лан,Лимбург ан дер Лан,Limburg ob Lahnu,Limburg an der Lahn,Limburg an der Lahn
1026,Chimki,Хімкі,Хімки,Химки,Химки,Himki,Chimki,Khimki
1027,Bałaszycha,Балашыха,Балашиха,Балашиха,Балашиха,Balašiha,Balašicha,Balashikha
1028,Niepodległe Państwo Chorwackie,Незалежная Дзяржава Харватыя,Незалежна Держава Хорватія,Независимое государство Хорватия,Независима хърватска държава,Neodvisna država Hrvaška,Nezávislý stát Chorvatsko,Independent State of Croatia
1029,Pau,По,По,По,По,Pau,Pau,Po
1030,Księstwo Warszawskie,Герцагства Варшаўскае,Варшавське герцогство,Варшавское герцогство,Варшавско херцогство,Vojvodina Varšava,Varšavské knížectví,Duchy of Warsaw
1031,Ankona,Анкона,Анкона,Анкона,Анкона,Ancona,Ancona,Ancona
1032,Boulogne-sur-Mer,Булонь-сюр-Мэр,Булонь-сюр-Мер,Булонь-сюр-Мер,Булон сюр Мер,Boulogne-sur-Mer,Boulogne-sur-Mer,Boulogne-sur-Mer
1033,A Coruña,Ла-Карунья,Ла-Корунья,Ла-Корунья,Ла Коруня,A Coruña,A Coruña,A Coruña
1034,Ourense,Арэнсэ,Оренсе,Оренсе,Оренсе,Ourense,Ourense,Ourense
1035,Nagano,Нагана,Наґано,Нагано,Нагано,Nagano,Nagano,Nagano Prefecture
1036,Albertville,Альбервіль,Альбервіль,Альбервиль,Албервил,Albertville,Albertville,Albertville
1037,Baltimore,Балтымар,Балтимор,Балтимор,Балтимор,Baltimore,Baltimore,Baltimore
1038,Mariupol,Марыупаль,Маріуполь,Мариуполь,Мариупол,Mariupol,Mariupol,Mariupol
1039,Kadyks,Кадыс,Кадіс,Кадис,Кадис,Cádiz,Cádiz,Cádiz
1040,Narbona,Нарбона,Нарбонн,Нарбон,Нарбон,Narbonne,Narbonne,Narbonne
1041,Huesca,Уэска,Уеска,Уэска,Уеска,Huesca,Huesca,Huesca
1042,Segowia,Сеговія,Сеговія,Сеговия,Сеговия,Segovia,Segovia,Segovia
1043,Almería,Альмерыя,Альмерія,Альмерия,Алмерия,Almeria,Almería,Almería
1044,Karaiby,Карыбскія астравы,Кариби,Карибы,Карибски регион,Karibi,Karibik,Caribbean
1045,Zjednoczona Republika Arabska,Аб’яднаная Арабская Рэспубліка,Об'єднана Арабська Республіка,Объединённая Арабская Республика,Обединена арабска република,Združena arabska republika,Sjednocená arabská republika,United Arab Republic
1046,Rodos,Родас,Родос,Родос,Родос,Rodos,Rhodos,Rhodes
1047,Ostrawa,Острава,Острава,Острава,Острава,Ostrava,Ostrava,Ostrava
1048,Chersonez Taurydzki,Херсанес Таўрычаскі,Херсонес Таврійський,Херсонес Таврический,Херсонес Таврически,Herson,Chersonésos,Chersonesus
1049,Třebíč,Тршэбіч,Тршебич,Тршебич,Тршебич,Třebíč,Třebíč,Třebíč
1050,Ołomuniec,Оламаўц,Оломоуць,Оломоуц,Оломоуц,Olomuc,Olomouc,Olomouc
1051,Quedlinburg,Кведлінбург,Кведлінбург,Кведлинбург,Кведлинбург,Quedlinburg,Quedlinburg,Quedlinburg
1052,Bajonna,Баёна,Байонна,Байонна,Байон,Bayonne,Bayonne,Bayonne
1053,Wagharszapat,Вагаршапат,Вагаршапат,Вагаршапат,Вагаршапат,Ečmiadzin,Vagharšapat,Vagharshapat
1054,San Diego,Сан-Дыега,Сан-Дієго,Сан-Диего,Сан Диего,San Diego,San Diego,San Diego
1055,Longyearbyen,Лонгйір,Лонг'їр,Лонгйир,Лонгирбюен,Longyearbyen,Longyearbyen,Longyearbyen
1056,Tyr,Тыр,Сур,Сур,Тир,Tir,Týr,Tyre
1057,Byblos,Бібл,Бібл,Библ,Библос,Biblos,Byblos,Byblos
1058,Sydon,Сайда,Сайда,Сайда,Сайда,Sidon,Sidón,Sidon
1059,Dubna,Дубна,Дубна,Дубна,Дубна,Dubna,Dubna,Dubna
1060,León,Леон,Леон,Леон,Леон,León,León,Leon
1061,Stary Oskoł,Стары Аскол,Старий Оскол,Старый Оскол,Стари Оскол,Stari Oskol,Staryj Oskol,Stary Oskol
1062,Rybińsk,Рыбінск,Рибинськ,Рыбинск,Рибинск,Ribinsk,Rybinsk,Rybinsk
1063,Daniłow,Данілаў,Данилов,Данилов,Данилов,Danilov,Danilov,Danilov
1064,Lubim,Любім,Любим,Любим,Любим,Ljubim,Ljubim,Lyubim
1065,Myszkin,Мышкін,Мишкін,Мышкин,Мишкин,Miškin,Myškin,Myshkin
1066,Sint-Truiden,Сінт-Тройдэн,Сінт-Трейден,Синт-Трёйден,Синт Тройден,Sint-Truiden,Sint-Truiden,Sint-Truiden
1067,Lugo,Луга,Луго,Луго,Луго,Lugo,Lugo,Lugo
1068,Pawia,Павія,Павія,Павия,Павия,Pavia,Pavia,Pavia
1069,Lugano,Лугана,Лугано,Лугано,Лугано,Lugano,Lugano,Lugano
1070,Anagni,Ананьі,Ананьї,Ананьи,Анани,Anagni,Anagni,Anagni
1071,Cincinnati,Цынцынаці,Цинциннаті,Цинциннати,Синсинати,Cincinnati,Cincinnati,Cincinnati
1072,El Paso,Эль-Паса,Ель-Пасо,Эль-Пасо,Ел Пасо,El Paso,El Paso,El Paso
1073,San Antonio,Сан-Антоніа,Сан-Антоніо,Сан-Антонио,Сан Антонио,San Antonio,San Antonio,San Antonio
1074,Louisville,Луісвіл,Луїсвілл,Луисвилл,Луисвил,Louisville,Louisville,Louisville
1075,Sacramento,Сакрамента,Сакраменто,Сакраменто,Сакраменто,Sacramento,Sacramento,Sacramento
1076,Tulsa,Талса,Талса,Талса,Тълса,Tulsa,Tulsa,Tulsa
1077,Colorado Springs,Каларада-Спрынгс,Колорадо-Спрінгс,Колорадо-Спрингс,Колорадо Спрингс,Colorado Springs,Colorado Springs,Colorado Springs
1078,Wichita,Уічыта,Вічита,Уичито,Уичита,Wichita,Wichita,Wichita
1079,Long Beach,Лонг-Біч,Лонг-Біч,Лонг-Бич,Лонг Бийч,Long Beach,Long Beach,Long Beach
1080,Fresno,Фрэсна,Фресно,Фресно,Фресно,Fresno,Fresno,Fresno
1081,Oakland,Окленд,Окленд,Окленд,Оукланд,Oakland,Oakland,Auckland
1082,Mandżukuo,Маньчжоу-го,Маньчжурська держава,Маньчжоу-Го,Манджоу-Го,Mandžukuo,Mandžukuo,Manchukuo
1083,Carrara,Карара,Каррара,Каррара,Карара,Carrara,Carrara,Carrara
1084,Beaune,Бон,Бон,Бон,Бон,Beaune,Beaune,Bonn
1085,Tripoli,Трыпаліс,Триполі,Триполис,Триполи,Tripoli,Tripolis,Tripoli
1086,Chiwa,Хіва,Хіва,Хива,Хива,Hiva,Chiva,Khiva
1087,Davos,Давос,Давос,Давос,Давос,Davos,Davos,Davos
1088,Atlanta,Атланта,Атланта,Атланта,Атланта,Atlanta,Atlanta,Atlanta
1089,Cleveland,Кліўленд,Клівленд,Кливленд,Кливланд,Cleveland,Cleveland,Cleveland
1090,Gary,Гэры,Гері,Гэри,Гери,Gary,Gary,Gary
1091,Kaszan,Кашан,Кашан,Кашан,Кашан,Kašan,Kášán,Kashan
1092,Lubeka,Любек,Любек,Любек,Любек,Lübeck,Lübeck,Lübeck
1093,Bouillon,Буён,Буйон,Буйон,Буйон,Bouillon,Bouillon,Bouillon
1094,Vercelli,Верчэлі,Верчеллі,Верчелли,Верчели,Vercelli,Vercelli,Vercelli
1095,Mohendżo Daro,Махенджа-Дара,Мохенджо-Даро,Мохенджо-Даро,Мохенджо-Даро,Mohendžo-daro,Mohendžodaro,Mohenjo-daro
1096,Hameln,Гамельн,Гамельн,Хамельн,Хамелн,Hameln,Hameln,Hamelin
1097,Skradin,Скрадзін,Скрадин,Скрадин,Скрадин,Skradin,Skradin,Skradin
1098,Cardiff,Кардыф,Кардіфф,Кардифф,Кардиф,Cardiff,Cardiff,Cardiff
1099,"Wyspa Świętej Heleny, Wyspa Wniebowstąpienia i Tristan da Cunha","Астравы Святой Алены, Ушэсця і Трыстан-да-Кунья","Острови Святої Єлени, Вознесіння і Тристан-да-Кунья","Острова Святой Елены, Вознесения и Тристан-да-Кунья","Света Елена, Възнесение и Тристан да Куня",Sveta Helena,"Svatá Helena, Ascension a Tristan da Cunha",Saint Helena
1100,Prut,Прут,Прут,Прут,Прут,Prut,Prut,Prut
1101,Canterbury,Кентэрберы,Кентербері,Кентербери,Кентърбъри,Canterbury,Canterbury,Canterbury
1102,Kerman,Керман,Керман,Керман,Керман,Kerman,Kermán,Kerman
1103,Cremona,Крэмона,Кремона,Кремона,Кремона,Cremona,Cremona,Cremona
1104,Urbino,Урбіна,Урбіно,Урбино,Урбино,Urbino,Urbino,Urbino
1105,Arezzo,Арэца,Ареццо,Ареццо,Арецо,Arezzo,Arezzo,Arezzo
1106,Krzemieńczuk,Крэмэнчук,Кременчук,Кременчуг,Кременчук,Kremenčuk,Kremenčuk,Kremenchuk
1107,Kluż-Napoka,Клуж-Напока,Клуж-Напока,Клуж-Напока,Клуж-Напока,Cluj-Napoca,Kluž,Cluj-Napoca
1108,Szekszárd,Сексард,Сексард,Сексард,Сексард,Szekszárd,Szekszárd,Szekszárd
1109,Nyíregyháza,Ньірэдзьхаза,Ньїредьгаза,Ньиредьхаза,Ниредхаза,Nyíregyháza,Nyíregyháza,Nyíregyháza
1110,Győr,Дзьёр,Дьєр,Дьёр,Дьор,Gjur,Győr,Győr
1111,Ingolstadt,Інгальштат,Інгольштадт,Ингольштадт,Инголщат,Ingolstadt,Ingolstadt,Ingolstadt
1112,Komárom,Комарам,Комаром,Комаром,Комаром,Komárom,Komárom,Komárom
1113,Bačka Palanka,Бачка-Паланка,Бачка-Паланка,Бачка-Паланка,Бачка паланка,Bačka Palanka,Bačka Palanka,Bačka Palanka
1114,Vukovar,Вукавар,Вуковар,Вуковар,Вуковар,Vukovar,Vukovar,Vukovar
1115,Mohacz,Мохач,Мохач,Мохач,Мохач,Mohač,Moháč,Mohács
1116,Rusłana Łyżyczko,Руслана,Лижичко Руслана Степанівна,"Лыжичко, Руслана Степановна",Руслана Лижичко,Ruslana,Ruslana,Ruslana
1117,Rabaul,Рабаул,Рабаул,Рабаул,Рабаул,Rabaul,Rabaul,Rabaul
1118,Cahors,Каор,Каор,Каор,Каор,Cahors,Cahors,Cahors
1119,Portland,Портленд,Портленд,Портленд,Портланд,Portland,Portland,Portland
1120,Virginia Beach,Вірджынія-Біч,Вірджинія-Біч,Верджиния-Бич,Вирджиния Бийч,Virginia Beach,Virginia Beach,Virginia Beach
1121,Kansas City,Канзас-Сіці,Канзас-Сіті,Канзас-Сити,Канзас Сити,Kansas City,Kansas City,Kansas City
1122,Albany,Олбані,Олбані,Олбани,Олбани,Albany,Albany,Albany
1123,Miami,Маямі,Маямі,Майами,Маями,Miami,Miami,Miami
1124,Wyspa Aleksandra,Зямля Аляксандра I,Земля Олександра I,Земля Александра I,Земя Александър I,Aleksandrov otok,Ostrov Alexandra I.,Alexander Island
1125,Santa Marta,Санта-Марта,Санта-Марта,Санта-Марта,Санта Марта,Santa Marta,Santa Marta,Santa Marta
1126,Iwanowo,Іванава,Іваново,Иваново,Иваново,Ivanovo,Ivanovo,Ivanovo
1127,Świnoujście,Свінауйсце,Свіноуйсьце,Свиноуйсьце,Швиноуйшче,Świnoujście,Svinoústí,Świnoujście
1128,Hims,Хомс,Хомс,Хомс,Хомс,Homs,Homs,Homs
1129,Aleppo,Халеб,Алеппо,Алеппо,Халеб,Alep,Aleppo,Aleppo
1130,Segedyn,Сегед,Сегед,Сегед,Сегед,Szeged,Segedín,Szeged
1131,Tyryns,Тырынф,Тиринф,Тиринф,Тиринт,Tirint,Tíryns,Tiryns
1132,Saint-Étienne,Сент-Эцьен,Сент-Етьєн,Сент-Этьен,Сент Етиен,Saint-Étienne,Saint-Étienne,Saint-Étienne
1133,Mechelen,Мехелен,Мехелен,Мехелен,Мехелен,Mechelen,Mechelen,Mechelen
1134,Sybin,Сібіу,Сібіу,Сибиу,Сибиу,Sibiu,Sibiu,Sibiu
1135,Silistra,Сілістра,Сілістра,Силистра,Силистра,Silistra,Silistra,Silistra
1136,Xi’an,Сіянь,Сіань,Сиань,Сиан,Šjan,Si-an,Xi'an
1137,Bath,Бат,Бат,Бат,Бат,Bath,Bath,Bath
1138,Nottingham,Нотынгем,Ноттінгем,Ноттингем,Нотингам,Nottingham,Nottingham,Nottingham
1139,Amboise,Амбуаз,Амбуаз,Амбуаз,Амбоаз,Amboise,Amboise,Amboise
1140,Pergamon,Пергам,Пергам,Пергам,Пергам,Pergamon,Pergamon,Pergamon
1141,Zamek Palanka,Паланак,Замок Паланок,Паланок,Паланок,Grad Palanok,Palanok,Palanok Castle
1142,Funafuti,Фунафуці,Фунафуті,Фунафути,Фунафути,Funafuti,Funafuti,Funafuti
1143,Samaria,Самарыя,Самарія,Самария,Самария,Samarija,Samařsko,Samaria
1144,Szolnok,Сольнак,Сольнок,Сольнок,Солнок,Szolnok,Szolnok,Szolnok
1145,Szombathely,Сомбатхей,Сомбатгей,Сомбатхей,Сомбатхей,Sombotel,Szombathely,Szombathely
1146,Galle,Гале,Ґалле,Галле,Гале,Galle,Galle,Galle
1147,Kandy,Канды,Канді,Канди,Канди,Kandi,Kandy,Kandy
1148,Spa,Спа,Спа,Спа,Спа,Spa,Spa,Spa
1149,Kieżmark,Кежмарак,Кежмарок,Кежмарок,Кежмарок,Kežmarok,Kežmarok,Kežmarok
1150,Pistoia,Пістоя,Пістоя,Пистоя,Пистоя,Pistoia,Pistoia,Pistoia
1151,Foggia,Фоджа,Фоджа,Фоджа,Фоджа,Foggia,Foggia,Foggia
1152,Stara Zagora,Стара-Загора,Стара Загора,Стара-Загора,Стара Загора,Stara Zagora,Stara Zagora,Stara Zagora
1153,Hvar,Хвар,Хвар,Хвар,Хвар,Hvar,Hvar,Hvar
1154,Małe Antyle,Малыя Антыльскія астравы,Малі Антильські острови,Малые Антильские острова,Малки Антили,Mali Antili,Malé Antily,Lesser Antilles
1155,Sławutycz,Славутыч,Славутич,Славутич,Славутич,Slavutič,Slavutyč,Slavutych
1156,Stratford-upon-Avon,Стратфард-он-Эйван,Стратфорд-апон-Ейвон,Стратфорд-апон-Эйвон,Стратфорд на Ейвън,Stratford-upon-Avon,Stratford nad Avonou,Stratford-upon-Avon
1157,Delft,Дэлфт,Делфт,Делфт,Делфт,Delft,Delft,Delft
1158,Roseau,Разо,Розо,Розо,Розо,Roseau,Roseau,Roseau
1159,Medellín,Медэльін,Медельїн,Медельин,Меделин,Medellín,Medellín,Medellín
1160,Suczawa,Сучава,Сучава,Сучава,Сучава,Suceava,Suceava,Suceava
1161,Safakis,Сфакс,Сфакс,Сфакс,Сфакс,Sfax,Sfax,Sfax
1162,Semej,Семей,Семей,Семей,Семей,Semipalatinsk,Semej,Semey
1163,Sokolov,Сокалаў,Соколов,Соколов,Соколов,Sokolov,Sokolov,Sokolov
1164,Bytom,Бытам,Битом,Бытом,Битом,Bytom,Bytom,Bytom
1165,Zatoka Alaska,Аляска,Аляска,Аляска,Аляски залив,Aljaški zaliv,Aljašský záliv,Gulf of Alaska
1166,Memfis,Мемфіс,Мемфіс,Мемфис,Мемфис,Memfis,Mennofer,Memphis
1167,Krk,Крк,Крк,Крк,Крък,Krk,Krk,Krk
1168,St. Gallen,Санкт-Гален,Санкт-Галлен,Санкт-Галлен,Санкт Гален,St. Gallen,St. Gallen,St. Gallen
1169,Kiruna,Кіруна,Кіруна,Кируна,Кируна,Kiruna,Kiruna,Kiruna
1170,Pusan,Пусан,Пусан,Пусан,Пусан,Pusan,Pusan,Busan
1171,Aberdeen,Абердзін,Абердин,Абердин,Абърдийн,Aberdeen,Aberdeen,Aberdeen
1172,Jacksonville,Джэксанвіл,Джексонвілл,Джэксонвилл,Джаксънвил,Jacksonville,Jacksonville,Jacksonville
1173,Cesarstwo Nicejskie,Нікейская імперыя,Нікейська імперія,Никейская империя,Никейска империя,Nikejsko cesarstvo,Nikájské císařství,Empire of Nicaea
1174,Riszon le-Cijjon,Рышон-ле-Цыён,Рішон-ле-Ціон,Ришон-ле-Цион,Ришон ле Цион,Rishon LeZion,Rišon le-Cijon,Rishon LeZion
1175,Bristol,Брысталь,Бристоль,Бристоль,Бристъл,Bristol,Bristol,Bristol
1176,Trujillo,Трухілья,Трухільйо,Трухильо,Трухильо,Trujillo,Trujillo,Trujillo
1177,Państwo frankijskie,Франкская дзяржава,Франкське королівство,Франкское государство,Франкска империя,Frankovsko cesarstvo,Franská říše,Francia
1178,La Rochelle,Ла-Рашэль,Ла-Рошель,Ла-Рошель,Ла Рошел,La Rochelle,La Rochelle,La Rochelle
1179,Chaskowo,Хаскава,Хасково,Хасково,Хасково,Haskovo,Chaskovo,Haskovo
1180,Irbid,Ірбід,Ірбід,Ирбид,Ирбид,Irbid,Irbid,Irbid
1181,Arequipa,Арэкіпа,Арекіпа,Арекипа,Арекипа,Arequipa,Arequipa,Arequipa
1182,Klagenfurt am Wörthersee,Клагенфурт,Клагенфурт-ам-Вертерзе,Клагенфурт-ам-Вёртерзе,Клагенфурт,Celovec,Klagenfurt am Wörthersee,Klagenfurt
1183,Sisak,Сісак,Сисак,Сисак,Сисак,Sisek,Sisak,Sisak
1184,Varaždin,Вараждзін,Вараждин,Вараждин,Вараждин,Varaždin,Varaždín,Varaždin
1185,Bandung,Бандунг,Бандунґ,Бандунг,Бандунг,Bandung,Bandung,Bandung
1186,Język romski,Цыганская мова,Циганська мова,Цыганский язык,Цигански език,Romščina,Romština,Romani language
1187,Boryspol,Барыспіль,Бориспіль,Борисполь,Бориспил,Borispol,Boryspil,Boryspil
1188,Szibam,Шыбам,Шибам,Шибам,Шибам,Šibam,Šibám,Shibam
1189,Tucson,Тусан,Тусон,Тусон,Тусон,Tucson,Tucson,Tucson
1190,Argos,Аргас,Аргос,Аргос,Аргос,Argos,Argos,Argos
1191,Berkeley,"Берклі, Каліфорнія",Берклі,Беркли,Бъркли,Berkeley,Berkeley,Berkeley
1192,Priene,Прыена,Прієна,Приена,Приене,Priena,Priéné,Priene
1193,Gabrowo,Габрава,Габрово,Габрово,Габрово,Gabrovo,Gabrovo,Gabrovo
1194,Miasta w Serbii,Гарады Сербіі,Міста Сербії,Города Сербии,Градове в Сърбия,Seznam mest v Srbiji,Seznam měst v Srbsku,List of cities in Serbia
1195,Lidia,Лідыя,Лідія,Лидия,Лидия,Lidija,Lýdie,Lydia
1196,Sardes,Сарды,Сарди,Сарды,Сарди,Sarde,Sardy,Sardis
1197,Salta,Сальта,Сальта,Сальта,Салта,Salta,Salta,Salta
1198,Frygia,Фрыгія,Фригія,Фригия,Фригия,Frigija,Frýgie,Phrygia
1199,Sighișoara,Сігішаара,Сігішоара,Сигишоара,Сигишоара,Sighișoara,Sighișoara,Sighișoara
1200,Delfy,Дэльфы,Дельфи,Дельфы,Делфи,Delfi,Delfy,Delphi
1201,Kalmar,"Кальмар, Швецыя",Кальмар,Кальмар,Калмар,Kalmar,Kalmar,Squid
1202,Växjö,Векшэ,Векше,Векшё,Векшьо,Växjö,Växjö,Växjö
1203,Birka,Бірка,Бірка,Бирка,Бирка,Birka,Birka,Birka
1204,Timișoara,Тымішаара,Тімішоара,Тимишоара,Тимишоара,Temišvar,Temešvár,Timișoara
1205,Bitynia,Віфінія,Віфінія,Вифиния,Витиния,Bitinija,Bithýnie,Bithynia
1206,Valence,Валанс,Валанс,Валанс,Валанс,Valence,Valence,Valence
1207,León,"Леон, Гуанахуата",Леон,Леон-де-лос-Альдама,Леон,León,León,Leon
1208,Villeurbanne,Віёрбан,Віллербанн,Вийёрбан,Вильорбан,Villeurbanne,Villeurbanne,Villeurbanne
1209,Królestwo Nawarry,Каралеўства Навара,Королівство Наварра,Наварра,Кралство Навара,Kraljevina Navarra,Navarrské království,Kingdom of Navarre
1210,Język gagauski,Гагаузская мова,Гагаузька мова,Гагаузский язык,Гагаузки език,Gagauščina,Gagauzština,Gagauz language
1211,Wolne Terytorium,Вольная тэрыторыя,Вільна територія,Вольная территория,Свободна територия,Svobodni teritorij,Svobodné území,Makhnovshchina
1212,Calais,Кале,Кале,Кале,Кале,Calais,Calais,Kale
1213,Państwa krzyżowe,Дзяржавы крыжакоў,Держави хрестоносців,Государства крестоносцев,Кръстоносна държава,Križarske države,Křižácké státy,Crusader states
1214,Livorno,Ліворна,Ліворно,Ливорно,Ливорно,Livorno,Livorno,Livorno
1215,Kotlina Panońska,Сярэднедунайская нізіна,Тисо-Дунайська низовина,Среднедунайская низменность,Среднодунавска низина,Panonska nižina,Panonská pánev,Pannonian Basin
1216,Wielka Nizina Węgierska,Альфёльд,Великий Альфельд,Альфёльд,Алфьолд,Velika madžarska nižina,Velká dunajská nížina,Great Hungarian Plain
1217,Celle,Цэле,Целле,Целле,Целе,Celle,Celle,Celle
1218,Nagasaki,Нагасакі,Нагасакі,Нагасаки,Нагасаки,Nagasaki,Nagasaki,Nagasaki
1219,Traktat w Trianon,Трыянонскі дагавор,Тріанонський договір,Трианонский договор,Трианонски договор,Trianonska mirovna pogodba,Trianonská smlouva,Treaty of Trianon
1220,Tebriz,Тэбрыз,Тебриз,Тебриз,Тебриз,Tabriz,Tabríz,Tabriz
1221,Gloucester,Глостэр,Глостер,Глостер,Глостър,Gloucester,Gloucester,Gloucester
1222,Saitama,Сайтама,Сайтама,Сайтама,Сайтама,Saitama,Saitama,Saitama
1223,Czerwony Las,Руды лес,Рудий ліс,Рыжий лес,Червена гора,Rdeči gozd,Rudý les,Vourinos
1224,Kweta,Квета,Кветта,Кветта,Куета,Quetta,Kvéta,Quetta
1225,Język krymskotatarski,Крымскататарская мова,Кримськотатарська мова,Крымскотатарский язык,Кримскотатарски език,Krimska tatarščina,Krymská tatarština,Crimean Tatar language
1226,Aquincum,Аквінкум,Аквінкум,Аквинк,Аквинкум,Akvinkum,Aquincum,Aquincum
1227,Xining,Сінін,Сінін,Синин,Синин,Šining,Si-ning,Xining
